elapsed_s,tag_hex_id,position_x,position_y,yaw_map
3.241,0xC0,0.1,0.1651,353.94
3.245,0xC0,0.4982,0.1,353.94
3.25,0xC0,0.1,0.1,353.94
3.674,0xC0,0.0893,0.1,353.12
3.732,0xC0,0.2446,0.1,352.94
3.735,0xC0,0.2867,0.1,352.94
3.74,0xC0,0.3287,0.1,352.94
3.743,0xC0,0.3813,0.1,352.94
3.747,0xC0,0.421,0.1,352.94
3.848,0xC0,0.6483,0.1,352.69
3.853,0xC0,0.6575,0.1,352.69
3.862,0xC0,0.658,0.1,352.69
3.865,0xC0,0.6464,0.1,352.69
3.87,0xC0,0.6358,0.1,352.69
3.949,0xC0,0.7611,0.1,352.44
3.955,0xC0,0.7418,0.1,352.44
3.962,0xC0,0.7307,0.1,352.44
3.965,0xC0,0.7019,0.1,352.44
3.97,0xC0,0.672,0.1,352.44
3.975,0xC0,0.6419,0.1,352.44
3.983,0xC0,0.6166,0.1,352.44
3.992,0xC0,0.598,0.1,352.44
4.051,0xC0,0.6394,0.1,352.44
4.055,0xC0,0.6046,0.1,352.44
4.059,0xC0,0.574,0.1,352.44
4.103,0xC0,0.6246,0.1,352.44
4.109,0xC0,0.6317,0.1,352.44
4.116,0xC0,0.6407,0.1,352.44
4.121,0xC0,0.6467,0.1,352.44
4.151,0xC0,0.683,0.1,352.44
4.157,0xC0,0.6871,0.1,352.44
4.163,0xC0,0.6851,0.1,352.44
4.167,0xC0,0.6808,0.1,352.44
4.203,0xC0,0.7087,0.1,352.31
4.209,0xC0,0.6962,0.1,352.31
4.216,0xC0,0.682,0.1,352.31
4.222,0xC0,0.6686,0.1,352.31
4.355,0xC0,0.7329,0.1,353.56
4.357,0xC0,0.658,0.1,353.56
4.36,0xC0,0.5952,0.1,353.56
4.362,0xC0,0.5358,0.1,353.56
4.367,0xC0,0.4771,0.1,353.56
4.369,0xC0,0.4261,0.1,353.56
4.372,0xC0,0.3812,0.1,353.56
4.375,0xC0,0.3422,0.1,353.56
4.379,0xC0,0.3045,0.1,353.56
4.381,0xC0,0.2872,0.1,353.56
4.384,0xC0,0.2956,0.1,353.56
4.387,0xC0,0.3068,0.1,353.56
4.391,0xC0,0.3196,0.1,353.56
4.399,0xC0,0.3351,0.1,354.0
4.402,0xC0,0.3482,0.1,354.0
4.405,0xC0,0.3598,0.1,354.0
4.458,0xC0,0.3724,0.1,354.25
4.461,0xC0,0.3739,0.1,354.25
4.466,0xC0,0.3742,0.1,354.25
4.47,0xC0,0.374,0.1,354.25
4.565,0xC0,0.3883,0.1,354.62
4.57,0xC0,0.3858,0.1,354.62
4.575,0xC0,0.3993,0.1,354.62
4.577,0xC0,0.4111,0.1,354.62
4.581,0xC0,0.4112,0.1,354.62
4.586,0xC0,0.4073,0.1,354.62
4.591,0xC0,0.4018,0.1,354.62
4.594,0xC0,0.3935,0.0016,354.62
4.608,0xC0,0.3874,0.0245,354.62
4.614,0xC0,0.3806,0.0395,354.62
4.621,0xC0,0.3744,0.0545,354.62
4.627,0xC0,0.3684,0.0679,354.62
4.635,0xC0,0.3628,0.0813,354.62
4.7,0xC0,0.3605,0.1511,354.62
4.749,0xC0,0.3552,0.1864,354.62
4.754,0xC0,0.3475,0.1717,354.62
4.762,0xC0,0.3407,0.146,354.62
4.768,0xC0,0.335,0.1197,354.62
4.775,0xC0,0.3302,0.0949,354.62
4.781,0xC0,0.3258,0.0709,354.62
4.795,0xC0,0.321,0.0554,354.62
4.799,0xC0,0.3177,0.0346,354.62
4.806,0xC0,0.3156,0.0169,354.62
4.858,0xC0,0.3233,0.0155,352.12
4.864,0xC0,0.343,0.1,352.12
4.873,0xC0,0.3614,0.1,352.12
4.878,0xC0,0.3839,0.1,352.12
4.885,0xC0,0.4049,0.1,352.12
4.947,0xC0,0.4378,0.1,349.75
5.016,0xC0,0.4778,0.1,349.75
5.023,0xC0,0.5058,0.1,349.75
5.028,0xC0,0.4911,0.1,349.75
5.032,0xC0,0.4623,0.1,349.75
5.037,0xC0,0.4319,0.1,349.75
5.066,0xC0,0.4037,0.1,349.75
5.074,0xC0,0.3782,0.1,349.75
5.082,0xC0,0.3575,0.1,349.75
5.09,0xC0,0.3395,0.1,349.75
5.096,0xC0,0.3238,0.1,349.75
5.111,0xC0,0.3086,0.1,346.81
5.115,0xC0,0.327,0.1,346.81
5.123,0xC0,0.3465,0.1,346.81
5.129,0xC0,0.3712,0.1,346.81
5.136,0xC0,0.3943,0.1,346.81
5.158,0xC0,0.3856,0.1,345.75
5.161,0xC0,0.3683,0.1,345.75
5.166,0xC0,0.3491,0.1,345.75
5.17,0xC0,0.3303,0.1,345.75
5.212,0xC0,0.3037,0.1,345.06
5.218,0xC0,0.2814,0.1,345.06
5.222,0xC0,0.2588,0.1,345.06
5.226,0xC0,0.2381,0.1,345.06
5.231,0xC0,0.2181,0.1,345.06
5.281,0xC0,0.1975,0.1,344.94
5.287,0xC0,0.1932,0.1,344.94
5.293,0xC0,0.1927,0.1,344.94
5.299,0xC0,0.1925,0.1,344.94
5.332,0xC0,0.1889,0.1,345.12
5.339,0xC0,0.1956,0.1,345.12
5.378,0xC0,0.1885,0.1,345.12
5.385,0xC0,0.1905,0.1,345.12
5.389,0xC0,0.191,0.1,345.12
5.394,0xC0,0.186,0.1,345.12
5.426,0xC0,0.1726,0.1,345.12
5.43,0xC0,0.1657,0.1,345.12
5.436,0xC0,0.1603,0.1,345.12
5.442,0xC0,0.1545,0.1,345.12
5.449,0xC0,0.149,0.1,345.12
5.481,0xC0,0.1368,0.1,345.12
5.587,0xC0,0.0935,0.1,349.69
5.592,0xC0,0.0738,0.1,349.69
5.597,0xC0,0.0537,0.1,349.69
5.599,0xC0,0.0237,0.1,349.69
5.604,0xC0,0.1,0.1,349.69
6.72,0xC0,0.0037,0.1,353.5
6.726,0xC0,0.037,0.1,353.5
6.729,0xC0,0.0003,0.1,353.5
6.815,0xC0,0.1,0.1,0.56
7.012,0xC0,0.0086,0.1,0.88
7.137,0xC0,0.0437,0.1,0.81
7.224,0xC0,0.0762,0.1,0.69
7.23,0xC0,0.0841,0.1,0.69
7.237,0xC0,0.0889,0.1,0.69
7.242,0xC0,0.0925,0.1,0.69
7.271,0xC0,0.0745,0.1,0.69
7.274,0xC0,0.0461,0.1,0.69
7.325,0xC0,0.0635,0.1,0.69
7.331,0xC0,0.0712,0.1,0.69
7.338,0xC0,0.0866,0.1,0.69
7.344,0xC0,0.0988,0.1,0.69
7.352,0xC0,0.1077,0.1,0.69
7.358,0xC0,0.1145,0.1,0.69
7.373,0xC0,0.123,0.1,0.88
7.379,0xC0,0.1273,0.1,0.88
7.386,0xC0,0.1313,0.1,0.88
7.529,0xC0,0.1752,0.1,1.06
7.536,0xC0,0.1553,0.1,1.06
7.542,0xC0,0.1375,0.1,1.06
7.546,0xC0,0.1207,0.1,1.06
7.55,0xC0,0.0835,0.1,1.06
7.554,0xC0,0.0485,0.1,1.06
7.814,0xC0,0.1,0.1,1.69
8.545,0xC0,0.0031,0.1,1.31
8.549,0xC0,0.0217,0.1,1.31
8.554,0xC0,0.0387,0.1,1.31
8.557,0xC0,0.0538,0.1,1.31
8.561,0xC0,0.0667,0.1,1.31
8.596,0xC0,0.0879,0.1,1.44
8.603,0xC0,0.1001,0.1,1.44
8.61,0xC0,0.112,0.1,1.44
8.615,0xC0,0.1145,0.1,1.44
8.623,0xC0,0.1103,0.1,1.44
8.76,0xC0,0.1446,0.1,1.19
8.765,0xC0,0.1338,0.1,1.19
8.772,0xC0,0.125,0.1,1.19
8.861,0xC0,0.1339,0.1,1.19
8.866,0xC0,0.1075,0.1,1.19
8.977,0xC0,0.086,0.1,0.88
9.069,0xC0,0.0459,0.1,0.81
9.073,0xC0,0.0081,0.1,0.81
9.077,0xC0,0.1,0.1,0.81
9.2,0xC0,0.015,0.1,0.81
9.208,0xC0,0.0476,0.1,0.81
9.212,0xC0,0.0676,0.1,0.81
9.216,0xC0,0.0812,0.1,0.81
9.221,0xC0,0.092,0.1,0.81
9.226,0xC0,0.1012,0.1,0.81
9.231,0xC0,0.1142,0.1,0.81
9.235,0xC0,0.126,0.1,0.81
9.241,0xC0,0.137,0.1,0.81
9.27,0xC0,0.1543,0.1,0.81
9.277,0xC0,0.1646,0.1,0.81
9.284,0xC0,0.175,0.1,0.81
9.29,0xC0,0.1839,0.1,0.81
9.297,0xC0,0.1926,0.1,0.81
9.372,0xC0,0.2118,0.1,0.69
9.438,0xC0,0.2223,0.1,0.69
9.577,0xC0,0.2488,0.1,0.62
9.582,0xC0,0.2684,0.1,0.62
9.628,0xC0,0.2903,0.1,0.56
9.678,0xC0,0.2746,0.1,0.44
9.682,0xC0,0.2358,0.1,0.44
9.689,0xC0,0.2062,0.1,0.44
9.783,0xC0,0.2004,0.1,0.31
9.79,0xC0,0.19,0.1,0.31
9.797,0xC0,0.1831,0.1,0.31
9.803,0xC0,0.1779,0.1,0.31
9.81,0xC0,0.174,0.1,0.31
9.813,0xC0,0.1752,0.1,0.31
9.819,0xC0,0.1763,0.1,0.31
9.822,0xC0,0.175,0.1,0.31
9.883,0xC0,0.1718,0.1,0.12
9.885,0xC0,0.1651,0.1,0.12
9.89,0xC0,0.1581,0.1,0.12
9.895,0xC0,0.1518,0.1,0.12
9.9,0xC0,0.146,0.1,0.12
9.904,0xC0,0.1395,0.1,0.12
9.913,0xC0,0.1333,0.1,0.12
9.986,0xC0,0.107,0.1,0.25
9.991,0xC0,0.0916,0.1,0.25
9.998,0xC0,0.078,0.1,0.25
10.003,0xC0,0.0664,0.1,0.25
10.011,0xC0,0.0564,0.1,0.25
10.024,0xC0,0.0465,0.1,0.25
10.033,0xC0,0.0355,0.1,0.25
10.043,0xC0,0.0265,0.1,0.25
10.051,0xC0,0.0182,0.1,0.25
10.06,0xC0,0.0105,0.1,0.25
10.068,0xC0,0.0037,0.1,0.25
10.075,0xC0,0.1,0.1,0.25
10.337,0xC0,0.016,0.1,0.31
10.34,0xC0,0.0507,0.1,0.31
10.346,0xC0,0.086,0.1,0.31
10.35,0xC0,0.1025,0.1,0.31
10.356,0xC0,0.1097,0.1,0.31
10.361,0xC0,0.1134,0.1,0.31
10.367,0xC0,0.1159,0.1,0.31
10.399,0xC0,0.1222,0.1,0.31
10.404,0xC0,0.1232,0.1,0.31
10.411,0xC0,0.1172,0.1,0.31
10.665,0xC0,0.1222,0.1,2.56
10.715,0xC0,0.0984,0.1,2.56
10.719,0xC0,0.0977,0.1,2.56
10.722,0xC0,0.1012,0.1,2.56
10.805,0xC0,0.1025,0.1,0.38
10.809,0xC0,0.1043,0.1,0.38
10.812,0xC0,0.0773,0.1,0.38
10.816,0xC0,0.0351,0.1,0.38
10.82,0xC0,0.0009,0.1,0.38
10.908,0xC0,0.1,0.1,0.12
11.495,0xC0,0.0226,0.1,356.5
11.499,0xC0,0.0358,0.1,356.5
11.502,0xC0,0.0455,0.1,356.5
11.506,0xC0,0.0534,0.1,356.5
11.546,0xC0,0.088,0.1,356.56
11.631,0xC0,0.1537,0.1,356.56
11.792,0xC0,0.2052,0.1,356.31
11.853,0xC0,0.1568,0.1,354.19
11.855,0xC0,0.1033,0.1,354.19
11.857,0xC0,0.0522,0.1,354.19
11.859,0xC0,0.0107,0.1,354.19
11.901,0xC0,0.1,0.1,354.19
11.957,0xC0,0.0252,0.1,354.19
11.999,0xC0,0.0473,0.1,354.19
12.005,0xC0,0.0584,0.1,354.19
12.012,0xC0,0.067,0.1,354.19
12.018,0xC0,0.0737,0.1,354.19
12.059,0xC0,0.0787,0.1,352.62
12.062,0xC0,0.072,0.1,352.62
12.067,0xC0,0.0654,0.1,352.62
12.07,0xC0,0.0514,0.1,352.62
12.075,0xC0,0.0366,0.1,352.62
12.078,0xC0,0.0229,0.1,352.62
12.105,0xC0,0.006,0.1,353.06
12.108,0xC0,0.1,0.1,353.06
12.216,0xC0,0.0014,0.1,353.81
12.341,0xC0,0.0301,0.1,354.38
12.398,0xC0,0.0096,0.1,354.56
12.446,0xC0,0.1,0.1,355.0
14.3,0xC0,0.1,0.0003,355.56
14.364,0xC0,0.1,0.0075,355.56
14.368,0xC0,0.1,0.1,355.56
14.654,0xC0,0.027,0.1,356.12
14.684,0xC0,0.0807,0.1,356.12
14.688,0xC0,0.1174,0.1,356.12
14.694,0xC0,0.1511,0.1,356.12
14.735,0xC0,0.224,0.1,356.12
14.748,0xC0,0.2755,0.1,356.12
14.778,0xC0,0.3528,0.1,356.12
14.903,0xC0,0.5367,0.1,356.12
14.952,0xC0,0.6317,0.1,356.31
14.958,0xC0,0.6623,0.1,356.31
14.964,0xC0,0.611,0.1,356.31
14.97,0xC0,0.5418,0.1,356.31
14.978,0xC0,0.4753,0.1,356.31
15.001,0xC0,0.4133,0.1,356.88
15.006,0xC0,0.3408,0.1,356.88
15.013,0xC0,0.2775,0.1,356.88
15.05,0xC0,0.2276,0.1,357.12
15.055,0xC0,0.1706,0.1,357.12
15.062,0xC0,0.1215,0.1,357.12
15.103,0xC0,0.0818,0.1,357.12
15.109,0xC0,0.0489,0.1,357.12
15.115,0xC0,0.0208,0.1,357.12
15.29,0xC0,0.1,0.1,357.75
16.603,0xC0,0.1,0.013,350.62
16.659,0xC0,0.1,0.1,350.44
17.047,0xC0,0.0091,0.1,350.69
17.053,0xC0,0.0165,0.1,350.69
17.056,0xC0,0.0227,0.1,350.69
17.059,0xC0,0.027,0.1,350.69
17.062,0xC0,0.0364,0.1,350.69
17.064,0xC0,0.0445,0.1,350.69
17.067,0xC0,0.0473,0.1,350.69
17.07,0xC0,0.0494,0.1,350.69
17.153,0xC0,0.1008,0.1,350.31
17.155,0xC0,0.0961,0.1,350.31
17.16,0xC0,0.0953,0.1,350.31
17.252,0xC0,0.1393,0.1,350.56
17.255,0xC0,0.1618,0.1,350.56
17.361,0xC0,0.2187,0.0796,350.62
17.365,0xC0,0.2016,0.114,350.62
17.37,0xC0,0.1731,0.1408,350.62
17.374,0xC0,0.1523,0.1101,350.62
17.379,0xC0,0.1381,0.0708,350.62
17.458,0xC0,0.1477,0.0417,350.38
17.461,0xC0,0.1298,0.1,350.38
17.465,0xC0,0.1117,0.1,350.38
17.468,0xC0,0.0953,0.1,350.38
17.511,0xC0,0.0807,0.1,350.38
17.513,0xC0,0.0609,0.1,350.38
17.518,0xC0,0.0438,0.1,350.38
17.564,0xC0,0.0272,0.1,350.56
17.568,0xC0,0.0129,0.1,350.56
17.571,0xC0,0.0017,0.1,350.56
17.573,0xC0,0.1,0.1,350.56
18.378,0xC0,0.0129,0.1,352.31
18.381,0xC0,0.0289,0.1,352.31
18.429,0xC0,0.0527,0.1,352.31
18.583,0xC0,0.1053,0.1,352.25
18.588,0xC0,0.1135,0.1,352.25
18.593,0xC0,0.1192,0.1,352.25
18.596,0xC0,0.1459,0.1,352.25
18.601,0xC0,0.1671,0.1,352.25
18.605,0xC0,0.1845,0.1,352.25
18.61,0xC0,0.1916,0.1,352.25
18.612,0xC0,0.2021,0.1,352.25
18.616,0xC0,0.2124,0.1,352.25
18.618,0xC0,0.218,0.1,352.25
18.628,0xC0,0.2253,0.1,352.25
18.63,0xC0,0.2305,0.1,352.25
18.747,0xC0,0.2848,0.1,353.44
18.888,0xC0,0.3345,0.1,353.62
18.89,0xC0,0.3256,0.1,353.62
18.894,0xC0,0.3206,0.1,353.62
18.897,0xC0,0.3173,0.1,353.62
18.9,0xC0,0.3013,0.1,353.62
18.989,0xC0,0.3106,0.1,353.62
18.991,0xC0,0.3003,0.1,353.62
18.994,0xC0,0.2934,0.1,353.62
18.997,0xC0,0.3158,0.1,353.62
19.001,0xC0,0.3358,0.1,353.62
19.004,0xC0,0.349,0.1,353.62
19.046,0xC0,0.3632,0.1,353.62
19.05,0xC0,0.3615,0.1,353.62
19.055,0xC0,0.3581,0.1,353.62
19.057,0xC0,0.3524,0.1,353.62
19.06,0xC0,0.3531,0.1,353.62
19.063,0xC0,0.3533,0.1,353.62
19.067,0xC0,0.3538,0.1,353.62
19.196,0xC0,0.3871,0.1,354.44
19.199,0xC0,0.3683,0.1,354.44
19.203,0xC0,0.3524,0.1,354.44
19.206,0xC0,0.3382,0.1,354.44
19.21,0xC0,0.323,0.1,354.44
19.212,0xC0,0.3097,0.1,354.44
19.244,0xC0,0.2774,0.1,354.44
19.296,0xC0,0.2245,0.1,354.44
19.3,0xC0,0.1759,0.1,354.44
19.594,0xC0,0.123,0.1,354.44
19.641,0xC0,0.1535,0.1,354.44
19.644,0xC0,0.1868,0.1,354.44
19.647,0xC0,0.2291,0.1,354.44
19.649,0xC0,0.2603,0.1,354.44
19.652,0xC0,0.2844,0.1,354.44
19.688,0xC0,0.3016,0.1,354.31
19.692,0xC0,0.3093,0.1,354.31
19.696,0xC0,0.3162,0.1,354.31
19.699,0xC0,0.3265,0.1,354.31
19.736,0xC0,0.3513,0.1,354.38
19.783,0xC0,0.3635,0.1,354.38
19.785,0xC0,0.3524,0.1,354.38
19.789,0xC0,0.3192,0.1,354.38
19.791,0xC0,0.2809,0.1,354.38
19.796,0xC0,0.2487,0.1,354.38
19.8,0xC0,0.2149,0.1,354.38
19.839,0xC0,0.1694,0.1,354.56
19.894,0xC0,0.1117,0.1,354.75
19.896,0xC0,0.0741,0.1,354.75
19.946,0xC0,0.0363,0.1,354.94
19.95,0xC0,0.0239,0.1,354.94
19.958,0xC0,0.0125,0.1,354.94
20.023,0xC0,0.1,0.1,355.0
20.271,0xC0,0.1,0.0393,354.56
20.275,0xC0,0.1,0.0422,354.56
20.28,0xC0,0.1,0.0444,354.56
20.285,0xC0,0.1,0.0469,354.56
20.289,0xC0,0.1,0.0484,354.56
20.292,0xC0,0.1,0.0509,354.56
20.319,0xC0,0.1,0.0682,354.56
20.323,0xC0,0.1,0.0694,354.56
20.328,0xC0,0.1,0.0713,354.56
20.333,0xC0,0.1,0.0731,354.56
20.384,0xC0,0.1,0.1062,354.56
20.428,0xC0,0.1,0.1306,353.94
20.431,0xC0,0.1,0.1422,353.94
20.434,0xC0,0.1,0.1586,353.94
20.487,0xC0,0.1,0.2146,353.94
20.49,0xC0,0.1,0.217,353.94
20.495,0xC0,0.1,0.2188,353.94
20.63,0xC0,0.1,0.2561,355.12
20.633,0xC0,0.1,0.1993,355.12
20.637,0xC0,0.0442,0.1626,355.12
20.64,0xC0,0.0729,0.1435,355.12
20.644,0xC0,0.0933,0.1273,355.12
20.646,0xC0,0.1091,0.1119,355.12
20.649,0xC0,0.1225,0.0983,355.12
20.652,0xC0,0.1341,0.0864,355.12
20.656,0xC0,0.1422,0.0858,355.12
20.68,0xC0,0.1483,0.0948,355.12
20.734,0xC0,0.1555,0.0851,355.62
20.736,0xC0,0.1412,0.0582,355.62
20.739,0xC0,0.1024,0.0367,355.62
20.742,0xC0,0.0582,0.0225,355.62
20.835,0xC0,0.0054,0.1,357.81
20.838,0xC0,0.1,0.0147,357.81
20.842,0xC0,0.1,0.0451,357.81
20.845,0xC0,0.1,0.0726,357.81
20.85,0xC0,0.1,0.0968,357.81
20.854,0xC0,0.1,0.1189,357.81
20.858,0xC0,0.1,0.143,357.81
20.861,0xC0,0.1,0.166,357.81
20.886,0xC0,0.1,0.1938,358.12
20.889,0xC0,0.1,0.2135,358.12
20.894,0xC0,0.1,0.2312,358.12
20.898,0xC0,0.1,0.247,358.12
21.009,0xC0,0.1,0.3141,359.69
21.057,0xC0,0.1,0.3501,0.06
21.059,0xC0,0.1,0.3697,0.06
21.062,0xC0,0.1,0.3805,0.06
21.101,0xC0,0.1,0.4107,0.0
21.104,0xC0,0.1,0.4163,0.0
21.147,0xC0,0.1,0.4456,0.0
21.15,0xC0,0.1,0.4676,0.0
21.154,0xC0,0.1,0.4868,0.0
21.364,0xC0,0.1,0.6378,0.19
21.422,0xC0,0.1,0.7036,359.19
21.426,0xC0,0.1,0.7467,359.19
21.43,0xC0,0.1,0.7721,359.19
21.433,0xC0,0.1,0.7926,359.19
21.437,0xC0,0.1,0.808,359.19
21.44,0xC0,0.1,0.8147,359.19
21.548,0xC0,0.1,0.9131,358.12
21.551,0xC0,0.1,0.8975,358.12
21.556,0xC0,0.1,0.8861,358.12
21.751,0xC0,0.1,1.015,356.81
21.806,0xC0,0.1,1.0084,356.81
21.809,0xC0,0.1,1.0026,356.81
21.813,0xC0,0.1,1.0008,356.81
21.965,0xC0,0.1,1.1056,356.81
21.969,0xC0,0.1,1.116,356.81
21.973,0xC0,0.1,1.1234,356.81
21.977,0xC0,0.1,1.1295,356.81
21.982,0xC0,0.1,1.1339,356.81
21.987,0xC0,0.1,1.1653,357.25
21.992,0xC0,0.1,1.1899,357.75
21.997,0xC0,0.1,1.2131,358.06
22.0,0xC0,0.1,1.2488,358.25
22.005,0xC0,0.1,1.2814,358.69
22.007,0xC0,0.1,1.3051,358.69
22.011,0xC0,0.1,1.3248,358.69
22.016,0xC0,0.1,1.3396,359.06
22.023,0xC0,0.1,1.354,359.06
22.028,0xC0,0.1,1.3696,359.06
22.031,0xC0,0.1,1.3805,359.06
22.035,0xC0,0.1,1.3969,359.06
22.037,0xC0,0.1,1.4085,359.06
22.041,0xC0,0.1,1.4126,359.06
22.045,0xC0,0.1,1.4158,359.06
22.069,0xC0,0.1,1.4396,359.38
22.073,0xC0,0.1,1.4417,359.62
22.077,0xC0,0.1,1.4426,359.62
22.08,0xC0,0.1,1.4429,359.62
22.174,0xC0,0.1,1.5382,0.38
22.178,0xC0,0.1,1.5418,0.38
22.182,0xC0,0.1,1.5452,0.38
22.269,0xC0,0.1,1.6291,0.81
22.274,0xC0,0.1,1.6247,0.81
22.281,0xC0,0.1,1.6215,0.81
22.286,0xC0,0.1,1.6175,0.81
22.292,0xC0,0.1,1.6214,0.81
22.301,0xC0,0.1,1.6236,0.81
22.37,0xC0,0.1,1.681,1.19
22.373,0xC0,0.1,1.6803,1.19
22.378,0xC0,0.1,1.6802,1.19
22.382,0xC0,0.1,1.6814,1.19
22.387,0xC0,0.1,1.6834,1.19
22.39,0xC0,0.1,1.6864,1.19
22.396,0xC0,0.1,1.6897,1.19
22.399,0xC0,0.1,1.6904,1.19
22.426,0xC0,0.1,1.7104,1.19
22.432,0xC0,0.1,1.7105,1.19
22.437,0xC0,0.1,1.7174,1.19
22.442,0xC0,0.1,1.719,1.19
22.449,0xC0,0.1,1.7228,1.19
22.583,0xC0,0.1,1.8251,1.25
22.586,0xC0,0.1,1.8185,1.25
22.589,0xC0,0.1,1.812,1.25
22.592,0xC0,0.1,1.8072,1.25
22.598,0xC0,0.1,1.8041,1.25
22.605,0xC0,0.1,1.81,1.25
22.614,0xC0,0.1,1.8155,1.25
22.619,0xC0,0.1,1.8206,1.25
22.626,0xC0,0.1,1.8246,1.25
22.631,0xC0,0.1,1.8329,1.25
22.636,0xC0,0.1,1.8384,1.25
22.679,0xC0,0.1,1.8714,0.5
22.684,0xC0,0.1,1.8764,0.5
22.692,0xC0,0.1,1.8807,0.5
22.698,0xC0,0.1,1.8842,0.5
22.704,0xC0,0.1,1.8874,0.5
22.733,0xC0,0.1,1.9076,0.06
22.735,0xC0,0.1,1.9075,0.06
22.888,0xC0,0.1,1.9997,359.62
22.892,0xC0,0.1,1.9849,359.62
22.897,0xC0,0.1,1.9741,359.62
22.9,0xC0,0.1,1.9644,359.62
22.905,0xC0,0.1,1.9692,359.62
22.907,0xC0,0.1,1.9753,359.62
22.91,0xC0,0.1,1.9834,359.62
22.914,0xC0,0.1,1.9978,359.62
22.917,0xC0,0.1,2.0098,359.62
22.92,0xC0,0.1,2.0114,359.62
22.925,0xC0,0.1,2.0152,359.62
22.929,0xC0,0.1,2.0314,359.62
22.936,0xC0,0.1,2.0481,359.19
22.938,0xC0,0.1,2.0759,359.19
22.941,0xC0,0.1,2.092,359.19
22.944,0xC0,0.1,2.0979,359.19
22.947,0xC0,0.1,2.1006,359.19
22.987,0xC0,0.1,2.1317,358.81
23.09,0xC0,0.1,2.2253,358.81
23.093,0xC0,0.1,2.2335,358.81
23.099,0xC0,0.1,2.2409,358.81
23.102,0xC0,0.1,2.2485,358.81
23.107,0xC0,0.1,2.2551,358.81
23.111,0xC0,0.1,2.2627,358.81
23.117,0xC0,0.1,2.2687,358.81
23.138,0xC0,0.1,2.2904,359.0
23.141,0xC0,0.1,2.2943,359.0
23.147,0xC0,0.1,2.2975,359.0
23.153,0xC0,0.1,2.3018,359.0
23.16,0xC0,0.1,2.3084,359.0
23.188,0xC0,0.1,2.3325,359.44
23.192,0xC0,0.1,2.3377,359.44
23.196,0xC0,0.1,2.348,359.44
23.199,0xC0,0.1,2.3564,359.44
23.233,0xC0,0.1,2.3909,359.88
23.236,0xC0,0.1,2.3991,359.88
23.24,0xC0,0.1,2.4075,359.88
23.244,0xC0,0.1,2.4166,359.88
23.282,0xC0,0.1,2.4557,359.94
23.285,0xC0,0.1,2.4619,359.94
23.292,0xC0,0.1,2.4672,359.94
23.296,0xC0,0.1,2.4744,359.94
23.3,0xC0,0.1,2.4787,359.94
23.329,0xC0,0.1,2.5073,0.25
23.332,0xC0,0.1,2.5113,0.25
23.375,0xC0,0.1,2.5521,0.25
23.424,0xC0,0.1,2.5939,0.75
23.427,0xC0,0.1,2.5905,0.75
23.433,0xC0,0.1,2.5877,0.75
23.436,0xC0,0.1,2.5832,0.75
23.44,0xC0,0.1,2.5806,0.75
23.442,0xC0,0.1,2.587,0.75
23.447,0xC0,0.1,2.5922,0.75
23.472,0xC0,0.1,2.6267,0.69
23.474,0xC0,0.1,2.6361,0.69
23.478,0xC0,0.1,2.6392,0.69
23.48,0xC0,0.1,2.641,0.69
23.517,0xC0,0.1,2.6741,0.69
23.519,0xC0,0.1,2.6752,0.69
23.523,0xC0,0.1,2.6757,0.69
23.525,0xC0,0.1,2.6762,0.69
23.529,0xC0,0.1,2.6788,0.69
23.532,0xC0,0.1,2.6855,0.69
23.566,0xC0,0.1,2.7166,0.69
23.569,0xC0,0.1,2.7214,0.69
23.574,0xC0,0.1,2.7294,0.69
23.578,0xC0,0.1,2.7404,0.69
23.583,0xC0,0.1,2.7498,0.69
23.586,0xC0,0.1,2.7596,0.69
23.61,0xC0,0.1,2.7877,359.94
23.614,0xC0,0.1,2.7949,359.94
23.618,0xC0,0.1,2.8018,359.94
23.625,0xC0,0.1,2.8094,359.94
23.66,0xC0,0.1,2.8469,359.31
23.663,0xC0,0.1,2.8456,359.31
23.705,0xC0,0.1,2.8713,359.31
23.707,0xC0,0.1,2.8532,359.31
23.711,0xC0,0.1,2.8353,359.31
23.713,0xC0,0.1,2.825,359.31
23.717,0xC0,0.1,2.8216,359.31
23.719,0xC0,0.1,2.8183,359.31
23.722,0xC0,0.1,2.8148,359.31
23.754,0xC0,0.1,2.8324,359.31
23.758,0xC0,0.1,2.8299,359.31
23.764,0xC0,0.1,2.8318,359.31
23.77,0xC0,0.1,2.8365,359.31
23.804,0xC0,0.1,2.8562,359.31
23.808,0xC0,0.1,2.8532,359.31
23.813,0xC0,0.1,2.8444,359.31
23.816,0xC0,0.1,2.8363,359.31
23.821,0xC0,0.1,2.8284,359.31
23.826,0xC0,0.1,2.8228,359.31
23.91,0xC0,0.1,2.8579,359.31
23.914,0xC0,0.1,2.848,359.31
23.919,0xC0,0.1,2.837,359.31
23.922,0xC0,0.1,2.8342,359.31
23.925,0xC0,0.1,2.8336,359.31
23.928,0xC0,0.1,2.8313,359.31
23.935,0xC0,0.1,2.8287,359.31
23.953,0xC0,0.1,2.8263,358.19
23.957,0xC0,0.1,2.8166,358.19
23.966,0xC0,0.1,2.8077,358.19
23.972,0xC0,0.1,2.8012,358.19
23.977,0xC0,0.1,2.7943,358.19
23.981,0xC0,0.1,2.7871,358.19
24.011,0xC0,0.1,2.7877,358.31
24.063,0xC0,0.1,2.8114,358.25
24.066,0xC0,0.1,2.8101,358.25
24.069,0xC0,0.1,2.8062,358.25
24.072,0xC0,0.1,2.803,358.25
24.215,0xC0,0.1,2.8393,358.62
24.219,0xC0,0.1,2.8441,358.62
24.224,0xC0,0.1,2.8566,358.62
24.228,0xC0,0.1,2.8677,358.62
24.233,0xC0,0.1,2.8755,358.62
24.237,0xC0,0.1,2.8727,358.62
24.242,0xC0,0.1,2.8671,358.62
24.244,0xC0,0.1,2.8613,358.62
24.248,0xC0,0.1,2.8507,358.62
24.25,0xC0,0.1,2.8372,358.62
24.253,0xC0,0.1,2.8237,358.62
24.265,0xC0,0.1,2.8093,358.94
24.267,0xC0,0.1,2.7941,358.94
24.27,0xC0,0.1,2.7815,358.94
24.275,0xC0,0.1,2.7712,358.94
24.311,0xC0,0.1,2.7593,359.0
24.315,0xC0,0.1,2.7434,359.0
24.318,0xC0,0.1,2.7259,359.0
24.322,0xC0,0.1,2.7085,359.0
24.357,0xC0,0.1,2.686,358.69
24.359,0xC0,0.1,2.6719,358.69
24.362,0xC0,0.1,2.66,358.69
24.364,0xC0,0.1,2.6491,358.69
24.407,0xC0,0.1,2.624,358.5
24.41,0xC0,0.1,2.6131,358.5
24.415,0xC0,0.1,2.604,358.5
24.418,0xC0,0.1,2.5957,358.5
24.422,0xC0,0.1,2.5886,358.5
24.529,0xC0,0.1,2.5323,1.25
24.534,0xC0,0.1,2.5333,1.25
24.545,0xC0,0.1,2.5334,1.25
24.551,0xC0,0.1,2.5316,1.25
24.557,0xC0,0.1,2.5309,1.25
24.561,0xC0,0.1,2.5328,1.25
24.568,0xC0,0.1,2.5351,1.25
24.575,0xC0,0.1,2.5434,1.25
24.58,0xC0,0.1,2.5505,1.25
24.584,0xC0,0.1,2.5583,1.25
24.593,0xC0,0.1,2.5642,2.81
24.596,0xC0,0.1,2.571,2.81
24.599,0xC0,0.1,2.566,2.81
24.603,0xC0,0.1,2.561,2.81
24.608,0xC0,0.1,2.5541,2.81
24.611,0xC0,0.1,2.5485,2.81
24.615,0xC0,0.1,2.544,2.81
24.728,0xC0,0.1,2.5073,3.81
24.731,0xC0,0.1,2.5065,3.81
24.734,0xC0,0.1,2.5041,3.81
24.737,0xC0,0.1,2.5001,3.81
24.74,0xC0,0.1,2.4958,3.81
24.743,0xC0,0.1,2.4919,3.81
24.748,0xC0,0.1,2.4879,3.81
24.752,0xC0,0.1,2.4846,3.81
24.757,0xC0,0.1,2.4808,3.81
24.762,0xC0,0.1,2.4704,3.81
24.767,0xC0,0.1,2.4604,3.81
24.828,0xC0,0.1,2.4295,9.81
24.83,0xC0,0.1,2.4235,9.81
24.835,0xC0,0.1,2.4248,9.81
24.84,0xC0,0.1,2.4265,9.81
24.843,0xC0,0.1,2.4283,9.81
24.845,0xC0,0.1,2.4316,9.81
24.849,0xC0,0.1,2.435,9.81
24.852,0xC0,0.1,2.4149,9.81
24.879,0xC0,0.1,2.3818,11.75
24.882,0xC0,0.1,2.3591,11.75
24.887,0xC0,0.1,2.3395,11.75
24.891,0xC0,0.1,2.3197,11.75
24.896,0xC0,0.1,2.3032,11.75
24.925,0xC0,0.1,2.2724,13.31
24.927,0xC0,0.1,2.2595,13.31
24.932,0xC0,0.1,2.2388,13.31
24.934,0xC0,0.1,2.2159,13.31
24.939,0xC0,0.1,2.1936,13.31
24.972,0xC0,0.1,2.1421,14.0
24.976,0xC0,0.1,2.1197,14.0
24.979,0xC0,0.1,2.0986,14.0
24.981,0xC0,0.1,2.0768,14.0
24.984,0xC0,0.1,2.0545,14.0
25.018,0xC0,0.1,1.9926,14.0
25.02,0xC0,0.1,1.9745,14.0
25.025,0xC0,0.1,1.9581,14.0
25.033,0xC0,0.1,1.9362,14.0
25.065,0xC0,0.1,1.8767,14.0
25.069,0xC0,0.1,1.8621,14.0
25.073,0xC0,0.1,1.8486,14.0
25.114,0xC0,0.1,1.7844,14.0
25.117,0xC0,0.1,1.7782,14.0
25.122,0xC0,0.1,1.7807,14.0
25.126,0xC0,0.1,1.7813,14.0
25.131,0xC0,0.1,1.7839,14.0
25.133,0xC0,0.1,1.775,14.0
25.136,0xC0,0.1,1.7677,14.0
25.159,0xC0,0.1,1.7308,14.0
25.206,0xC0,0.1,1.6569,14.0
25.208,0xC0,0.1,1.6464,14.0
25.216,0xC0,0.1,1.6462,14.0
25.253,0xC0,0.1,1.5983,14.0
25.256,0xC0,0.1,1.6017,14.0
25.26,0xC0,0.1,1.6077,14.0
25.265,0xC0,0.1,1.6103,14.0
25.268,0xC0,0.1,1.6121,14.0
25.3,0xC0,0.1,1.5791,12.69
25.303,0xC0,0.1,1.5883,12.69
25.307,0xC0,0.1,1.5851,12.69
25.313,0xC0,0.1,1.5778,12.69
25.321,0xC0,0.1,1.5644,12.69
25.349,0xC0,0.1,1.5249,11.62
25.351,0xC0,0.1,1.5124,11.62
25.354,0xC0,0.1,1.4946,11.62
25.358,0xC0,0.1,1.4741,11.62
25.398,0xC0,0.1,1.4051,10.44
25.401,0xC0,0.1,1.3923,10.44
25.406,0xC0,0.1,1.3843,10.44
25.547,0xC0,0.1,1.1895,9.56
25.554,0xC0,0.1,1.1913,9.56
25.562,0xC0,0.1,1.1912,9.56
25.567,0xC0,0.1,1.1934,9.56
25.572,0xC0,0.1,1.193,9.56
25.577,0xC0,0.1,1.1959,9.56
25.582,0xC0,0.1,1.2001,9.56
25.585,0xC0,0.1,1.2074,9.56
25.589,0xC0,0.1,1.2144,9.56
25.593,0xC0,0.1,1.2204,9.56
25.597,0xC0,0.1,1.2266,9.56
25.601,0xC0,0.1,1.2311,9.56
25.605,0xC0,0.1,1.2358,9.56
25.647,0xC0,0.1,1.2099,9.12
25.649,0xC0,0.1,1.2206,9.12
25.652,0xC0,0.1,1.2304,9.12
25.657,0xC0,0.1,1.2356,9.12
25.662,0xC0,0.1,1.2386,9.12
25.667,0xC0,0.1,1.2343,9.12
25.673,0xC0,0.1,1.2258,9.12
25.692,0xC0,0.1,1.209,8.81
25.695,0xC0,0.1,1.205,8.81
25.743,0xC0,0.1,1.1658,8.94
25.746,0xC0,0.1,1.1647,8.94
25.753,0xC0,0.1,1.1638,8.94
25.849,0xC0,0.1,1.088,9.12
25.853,0xC0,0.1,1.0926,9.12
25.857,0xC0,0.1,1.0972,9.12
25.86,0xC0,0.1,1.1005,9.12
25.865,0xC0,0.1,1.0817,9.12
25.868,0xC0,0.1,1.0582,9.12
25.872,0xC0,0.1,1.0336,9.12
25.876,0xC0,0.1,1.0069,9.12
25.881,0xC0,0.1,0.97,9.12
25.885,0xC0,0.1,0.9361,9.12
25.891,0xC0,0.1,0.9065,9.12
25.895,0xC0,0.1,0.8767,9.12
25.905,0xC0,0.1,0.8482,9.12
25.909,0xC0,0.1,0.8393,9.12
25.913,0xC0,0.1,0.831,9.12
25.96,0xC0,0.1,0.7895,9.12
25.963,0xC0,0.1,0.8045,9.12
25.966,0xC0,0.1,0.8187,9.12
26.101,0xC0,0.1,0.7215,9.12
26.154,0xC0,0.1,0.7334,9.12
26.257,0xC0,0.1,0.7519,6.75
26.26,0xC0,0.1,0.819,6.75
26.444,0xC0,0.0245,0.8686,2.75
26.496,0xC0,0.005,0.9343,1.44
26.499,0xC0,0.1,0.9776,1.44
26.502,0xC0,0.1,0.9535,1.44
26.505,0xC0,0.1,0.927,1.44
26.51,0xC0,0.1,0.9008,1.44
26.542,0xC0,0.1,0.8706,0.38
26.546,0xC0,0.1,0.8474,0.38
26.549,0xC0,0.1,0.8291,0.38
26.552,0xC0,0.1,0.8158,0.38
26.589,0xC0,0.1,0.7953,359.81
26.592,0xC0,0.1,0.8001,359.81
26.636,0xC0,0.1,0.8012,359.56
26.64,0xC0,0.1,0.8112,359.56
26.646,0xC0,0.1,0.8191,359.56
26.649,0xC0,0.1,0.8262,359.56
26.686,0xC0,0.1,0.8276,359.25
26.691,0xC0,0.1,0.8284,359.25
26.696,0xC0,0.1,0.8291,359.25
26.769,0xC0,0.1,0.8106,358.94
26.774,0xC0,0.1,0.8185,358.94
26.778,0xC0,0.1,0.8297,358.94
26.781,0xC0,0.1,0.8411,358.94
26.786,0xC0,0.1,0.8504,358.94
26.872,0xC0,0.1,0.8572,357.75
26.875,0xC0,0.1,0.8724,357.75
27.291,0xC0,0.1,0.952,355.75
27.389,0xC0,0.1,0.9876,356.12
27.393,0xC0,0.1,0.9877,356.12
27.397,0xC0,0.1,1.0014,356.12
27.572,0xC0,0.1,1.0646,355.81
27.69,0xC0,0.1,1.095,359.5
27.693,0xC0,0.1,1.0984,359.5
27.698,0xC0,0.1,1.1008,359.5
27.701,0xC0,0.1,1.1022,359.5
27.75,0xC0,0.1,1.1124,0.19
27.897,0xC0,0.1,1.1356,1.25
27.902,0xC0,0.1,1.1281,1.25
27.908,0xC0,0.1,1.115,1.25
27.913,0xC0,0.1,1.1161,1.25
27.917,0xC0,0.1,1.1201,1.25
27.92,0xC0,0.1,1.1235,1.25
27.924,0xC0,0.1,1.1268,1.25
27.927,0xC0,0.1,1.1294,1.25
27.931,0xC0,0.1,1.1319,1.25
27.934,0xC0,0.1,1.1337,1.25
27.938,0xC0,0.1,1.1354,1.25
27.941,0xC0,0.1,1.1368,1.25
27.954,0xC0,0.1,1.1399,1.25
27.958,0xC0,0.1,1.1411,1.25
27.962,0xC0,0.1,1.1422,1.25
27.965,0xC0,0.1,1.1424,1.25
28.101,0xC0,0.1,1.1616,1.25
28.107,0xC0,0.1,1.1584,1.25
28.114,0xC0,0.1,1.1583,1.25
28.12,0xC0,0.1,1.1588,1.25
28.126,0xC0,0.1,1.1586,1.25
28.252,0xC0,0.1,1.1766,1.88
28.407,0xC0,0.1,1.1877,0.75
28.412,0xC0,0.1,1.1871,0.75
28.417,0xC0,0.1,1.1637,0.75
28.466,0xC0,0.1,1.1421,0.81
28.614,0xC0,0.1,1.111,359.94
28.618,0xC0,0.1,1.0954,359.94
28.622,0xC0,0.1,1.0981,359.94
28.628,0xC0,0.1,1.1387,359.94
28.634,0xC0,0.1,1.1807,359.94
28.64,0xC0,0.1,1.2147,359.94
28.646,0xC0,0.1,1.2436,359.94
28.655,0xC0,0.1,1.2685,359.94
28.72,0xC0,0.1,1.316,359.94
28.725,0xC0,0.1,1.3427,359.94
28.734,0xC0,0.1,1.3638,359.94
28.744,0xC0,0.1,1.3621,359.94
28.751,0xC0,0.1,1.3605,359.94
28.756,0xC0,0.1,1.3562,359.94
28.763,0xC0,0.1,1.3636,359.94
28.771,0xC0,0.1,1.3717,0.38
28.78,0xC0,0.1,1.3819,1.56
28.785,0xC0,0.1,1.3996,1.56
28.79,0xC0,0.1,1.4118,1.56
28.794,0xC0,0.1,1.4122,1.56
28.799,0xC0,0.1,1.4101,1.56
28.817,0xC0,0.1,1.4124,2.0
28.823,0xC0,0.1,1.4099,2.0
28.83,0xC0,0.1,1.4086,2.0
28.835,0xC0,0.1,1.4057,2.0
28.843,0xC0,0.1,1.4141,2.0
28.862,0xC0,0.1,1.4268,2.44
28.867,0xC0,0.1,1.4332,2.44
28.878,0xC0,0.1,1.45,2.44
28.887,0xC0,0.1,1.4659,2.44
28.894,0xC0,0.1,1.481,2.44
28.915,0xC0,0.1,1.5025,2.44
28.921,0xC0,0.1,1.5153,2.44
28.925,0xC0,0.1,1.5222,2.44
28.929,0xC0,0.1,1.5271,2.44
29.03,0xC0,0.1,1.5888,2.44
29.037,0xC0,0.1,1.592,2.44
29.046,0xC0,0.1,1.5944,2.44
29.05,0xC0,0.1,1.5961,2.44
29.055,0xC0,0.1,1.5995,2.44
29.057,0xC0,0.1,1.6004,2.44
29.061,0xC0,0.1,1.6007,2.44
29.064,0xC0,0.1,1.597,2.44
29.067,0xC0,0.1,1.5907,2.44
29.069,0xC0,0.1,1.583,2.44
29.072,0xC0,0.1,1.5761,2.44
29.076,0xC0,0.1,1.5703,2.44
29.081,0xC0,0.1,1.5655,2.44
29.084,0xC0,0.1,1.5736,2.44
29.088,0xC0,0.1,1.5802,2.44
29.138,0xC0,0.1,1.6104,5.19
29.144,0xC0,0.1,1.6175,5.19
29.151,0xC0,0.1,1.6246,5.19
29.228,0xC0,0.1,1.6688,5.62
29.234,0xC0,0.1,1.6736,5.62
29.239,0xC0,0.1,1.6836,5.62
29.243,0xC0,0.1,1.69,5.62
29.249,0xC0,0.1,1.6972,5.62
29.255,0xC0,0.1,1.7032,5.62
29.328,0xC0,0.1,1.7563,5.62
29.332,0xC0,0.1,1.7606,5.62
29.337,0xC0,0.1,1.7632,5.62
29.339,0xC0,0.1,1.7638,5.62
29.344,0xC0,0.1,1.7636,5.62
29.35,0xC0,0.1,1.7635,5.62
29.358,0xC0,0.1,1.7647,5.62
29.363,0xC0,0.1,1.7577,5.62
29.369,0xC0,0.1,1.754,5.62
29.375,0xC0,0.1,1.759,5.62
29.382,0xC0,0.1,1.764,5.62
29.387,0xC0,0.1,1.7759,5.62
29.392,0xC0,0.1,1.7868,5.62
29.396,0xC0,0.1,1.7945,5.62
29.4,0xC0,0.1,1.8033,5.62
29.408,0xC0,0.1,1.811,5.62
29.533,0xC0,0.1,1.8947,6.81
29.536,0xC0,0.1,1.897,6.81
29.542,0xC0,0.1,1.8934,6.81
29.548,0xC0,0.1,1.892,6.81
29.555,0xC0,0.1,1.8914,6.81
29.561,0xC0,0.1,1.8904,6.81
29.568,0xC0,0.1,1.8876,6.81
29.575,0xC0,0.1,1.8873,6.81
29.584,0xC0,0.1,1.8901,6.81
29.59,0xC0,0.1,1.891,6.81
29.598,0xC0,0.1,1.8923,6.81
29.601,0xC0,0.1,1.8947,6.81
29.609,0xC0,0.1,1.8964,6.81
29.614,0xC0,0.1,1.8987,6.81
29.618,0xC0,0.1,1.9098,6.81
29.622,0xC0,0.1,1.9169,6.81
29.628,0xC0,0.1,1.9194,6.81
29.631,0xC0,0.1,1.9196,6.81
29.638,0xC0,0.1,1.92,7.06
29.646,0xC0,0.1,1.9214,7.06
29.652,0xC0,0.1,1.9223,7.06
29.658,0xC0,0.1,1.9231,7.06
29.664,0xC0,0.1,1.9241,7.06
29.741,0xC0,0.1,1.9651,6.38
29.745,0xC0,0.1,1.968,6.38
29.749,0xC0,0.1,1.9695,6.38
29.755,0xC0,0.1,1.9701,6.38
29.761,0xC0,0.1,1.9774,6.38
29.767,0xC0,0.1,1.9837,6.38
29.773,0xC0,0.1,1.9905,6.38
29.779,0xC0,0.1,1.9968,6.38
29.784,0xC0,0.1,2.0041,6.38
29.79,0xC0,0.1,2.0108,6.38
29.796,0xC0,0.1,2.0114,6.38
29.801,0xC0,0.1,2.0111,6.38
29.808,0xC0,0.1,2.0099,6.31
29.84,0xC0,0.1,2.0222,6.5
29.846,0xC0,0.1,2.0203,6.5
29.853,0xC0,0.1,2.0192,6.5
29.859,0xC0,0.1,2.0177,6.5
29.867,0xC0,0.1,2.017,6.5
29.872,0xC0,0.1,2.0221,6.5
29.886,0xC0,0.1,2.0323,6.81
29.89,0xC0,0.1,2.038,6.81
29.896,0xC0,0.1,2.0433,6.81
29.902,0xC0,0.1,2.0501,6.81
29.908,0xC0,0.1,2.0569,6.81
29.915,0xC0,0.1,2.0637,6.81
29.939,0xC0,0.1,2.0812,7.25
29.943,0xC0,0.1,2.0892,7.25
29.948,0xC0,0.1,2.0952,7.25
30.043,0xC0,0.1,2.1507,8.69
30.049,0xC0,0.1,2.1527,8.69
30.054,0xC0,0.1,2.1554,8.69
30.06,0xC0,0.1,2.1564,8.69
30.066,0xC0,0.1,2.1584,8.69
30.069,0xC0,0.1,2.1624,8.69
30.073,0xC0,0.1,2.1669,8.69
30.079,0xC0,0.1,2.1701,8.69
30.093,0xC0,0.1,2.1785,9.56
30.099,0xC0,0.1,2.1833,9.56
30.106,0xC0,0.1,2.1877,9.56
30.111,0xC0,0.1,2.1938,9.56
30.118,0xC0,0.1,2.2016,9.56
30.14,0xC0,0.1,2.2175,9.56
30.146,0xC0,0.1,2.2246,9.56
30.153,0xC0,0.1,2.2313,9.56
30.158,0xC0,0.1,2.2364,9.56
30.26,0xC0,0.1,2.2982,12.5
30.269,0xC0,0.1,2.2997,12.5
30.278,0xC0,0.1,2.3053,12.5
30.284,0xC0,0.1,2.3096,12.5
30.291,0xC0,0.1,2.3123,12.5
30.296,0xC0,0.1,2.3244,12.5
30.304,0xC0,0.1,2.3347,12.5
30.31,0xC0,0.1,2.3447,12.5
30.316,0xC0,0.1,2.3532,12.5
30.32,0xC0,0.1,2.3571,12.5
30.325,0xC0,0.1,2.3574,12.5
30.329,0xC0,0.1,2.3564,12.5
30.353,0xC0,0.1,2.3672,13.62
30.357,0xC0,0.1,2.3657,13.62
30.362,0xC0,0.1,2.3623,13.62
30.366,0xC0,0.1,2.3575,13.62
30.371,0xC0,0.1,2.3548,13.62
30.408,0xC0,0.1,2.3736,13.56
30.412,0xC0,0.1,2.3688,13.56
30.417,0xC0,0.1,2.3633,13.56
30.421,0xC0,0.1,2.3564,13.56
30.427,0xC0,0.1,2.3506,13.56
30.433,0xC0,0.1,2.3462,13.56
30.564,0xC0,0.1,2.3876,13.62
30.567,0xC0,0.1,2.3727,13.62
30.572,0xC0,0.1,2.3617,13.62
30.576,0xC0,0.1,2.3527,13.62
30.582,0xC0,0.1,2.3449,13.62
30.588,0xC0,0.1,2.3386,13.62
30.594,0xC0,0.1,2.333,13.62
30.6,0xC0,0.1,2.3278,13.62
30.606,0xC0,0.1,2.3234,13.62
30.612,0xC0,0.1,2.3181,13.62
30.62,0xC0,0.1,2.3212,13.62
30.626,0xC0,0.1,2.3241,13.62
30.633,0xC0,0.1,2.329,13.81
30.639,0xC0,0.1,2.3339,13.81
30.646,0xC0,0.1,2.3433,13.81
30.652,0xC0,0.1,2.3519,13.81
30.658,0xC0,0.1,2.3678,13.81
30.664,0xC0,0.1,2.3845,13.62
30.668,0xC0,0.1,2.3992,13.62
30.672,0xC0,0.1,2.4142,13.62
30.676,0xC0,0.1,2.4255,13.62
30.684,0xC0,0.1,2.4362,13.62
30.69,0xC0,0.1,2.4483,13.62
30.705,0xC0,0.1,2.4637,13.38
30.755,0xC0,0.1,2.5027,12.88
30.761,0xC0,0.1,2.5152,12.88
30.769,0xC0,0.1,2.5313,12.88
30.774,0xC0,0.1,2.5456,12.88
30.865,0xC0,0.1,2.62,11.81
30.87,0xC0,0.1,2.6359,11.81
30.877,0xC0,0.1,2.6518,11.81
30.882,0xC0,0.1,2.6739,11.81
30.889,0xC0,0.1,2.6983,11.81
30.895,0xC0,0.1,2.7199,11.81
30.901,0xC0,0.1,2.7407,11.81
30.907,0xC0,0.1,2.758,11.81
30.914,0xC0,0.1,2.7757,11.81
30.919,0xC0,0.1,2.7912,11.81
30.927,0xC0,0.1,2.8061,11.81
30.935,0xC0,0.1,2.8205,11.38
30.94,0xC0,0.1,2.8329,11.38
30.946,0xC0,0.1,2.8519,11.38
30.957,0xC0,0.1,2.8725,11.38
30.96,0xC0,0.1,2.8864,11.38
31.005,0xC0,0.1,2.9434,11.06
31.011,0xC0,0.1,2.9545,11.06
31.021,0xC0,0.1,2.9673,11.06
31.026,0xC0,0.1,2.9812,11.06
31.035,0xC0,0.1,2.9913,11.06
31.041,0xC0,0.1,3.0075,11.06
31.058,0xC0,0.1,3.0353,10.69
31.064,0xC0,0.1,3.0543,10.69
31.07,0xC0,0.1,3.0697,10.69
31.076,0xC0,0.1,3.0847,10.69
31.084,0xC0,0.1,3.0997,10.69
31.089,0xC0,0.1,3.1112,10.69
31.103,0xC0,0.1,3.1326,10.0
31.109,0xC0,0.1,3.1488,10.0
31.116,0xC0,0.1,3.1651,10.0
31.121,0xC0,0.1,3.1797,10.0
31.15,0xC0,0.1,3.2243,9.75
31.156,0xC0,0.1,3.2378,9.75
31.163,0xC0,0.1,3.2492,9.75
31.168,0xC0,0.1,3.2573,9.75
31.18,0xC0,0.1,3.2519,9.75
31.279,0xC0,0.1,3.3618,10.19
31.285,0xC0,0.1,3.341,10.19
31.291,0xC0,0.1,3.3245,10.19
31.297,0xC0,0.1,3.3083,10.19
31.302,0xC0,0.1,3.2887,10.19
31.306,0xC0,0.1,3.2662,10.19
31.314,0xC0,0.1,3.2458,10.19
31.32,0xC0,0.1,3.2288,10.19
31.326,0xC0,0.1,3.2131,10.19
31.379,0xC0,0.1,3.2199,10.31
31.382,0xC0,0.1,3.1981,10.31
31.387,0xC0,0.1,3.1764,10.31
31.391,0xC0,0.1,3.1576,10.31
31.395,0xC0,0.1,3.1408,10.31
31.398,0xC0,0.1,3.1265,10.31
31.402,0xC0,0.1,3.1146,10.31
31.406,0xC0,0.1,3.1036,10.31
31.411,0xC0,0.1,3.0936,10.31
31.43,0xC0,0.1,3.0885,10.31
31.436,0xC0,0.1,3.0799,10.31
31.443,0xC0,0.1,3.0727,10.31
31.448,0xC0,0.1,3.0654,10.31
31.455,0xC0,0.1,3.0591,10.31
31.589,0xC0,0.1,3.0665,10.31
31.595,0xC0,0.1,3.0557,10.31
31.601,0xC0,0.1,3.0463,10.31
31.607,0xC0,0.1,3.0377,10.31
31.614,0xC0,0.1,3.033,10.31
31.619,0xC0,0.1,3.0287,10.31
31.627,0xC0,0.1,3.0247,10.31
31.633,0xC0,0.1,3.0318,10.31
31.638,0xC0,0.1,3.0381,10.31
31.641,0xC0,0.1,3.0437,10.31
31.645,0xC0,0.1,3.0611,10.31
31.648,0xC0,0.1,3.0814,10.31
31.652,0xC0,0.1,3.1011,10.31
31.656,0xC0,0.1,3.1208,10.31
31.66,0xC0,0.1,3.1408,10.31
31.665,0xC0,0.1,3.1592,10.31
31.797,0xC0,0.1,3.2508,17.31
31.8,0xC0,0.1,3.2835,17.31
31.804,0xC0,0.1,3.3095,17.31
31.807,0xC0,0.1,3.3298,17.31
31.812,0xC0,0.1,3.3517,17.31
31.816,0xC0,0.1,3.3733,17.31
31.821,0xC0,0.1,3.3935,17.31
31.823,0xC0,0.1,3.3978,17.31
31.827,0xC0,0.1,3.3993,17.31
31.893,0xC0,0.1,3.4535,18.44
31.895,0xC0,0.1,3.4387,18.44
31.898,0xC0,0.1,3.4248,18.44
31.9,0xC0,0.1,3.4112,18.44
31.903,0xC0,0.1,3.3991,18.44
31.905,0xC0,0.1,3.3927,18.44
31.909,0xC0,0.1,3.3868,18.44
31.948,0xC0,0.1,3.402,19.25
31.952,0xC0,0.1,3.3952,19.25
31.957,0xC0,0.1,3.3909,19.25
31.96,0xC0,0.1,3.3857,19.25
32.091,0xC0,0.1,3.4281,19.44
32.094,0xC0,0.1,3.4103,19.44
32.098,0xC0,0.1,3.3992,19.44
32.102,0xC0,0.1,3.3897,19.44
32.105,0xC0,0.1,3.381,19.44
32.109,0xC0,0.1,3.3732,19.44
32.114,0xC0,0.1,3.3659,19.44
32.117,0xC0,0.1,3.3581,19.44
32.119,0xC0,0.1,3.3537,19.44
32.192,0xC0,0.1,3.3641,19.44
32.194,0xC0,0.1,3.3607,19.44
32.2,0xC0,0.1,3.3584,19.44
32.203,0xC0,0.1,3.3589,19.44
32.211,0xC0,0.1,3.3613,19.44
32.215,0xC0,0.1,3.3636,19.44
32.247,0xC0,0.1,3.3608,19.44
32.252,0xC0,0.1,3.356,19.44
32.295,0xC0,0.1,3.3551,19.44
32.298,0xC0,0.1,3.3491,19.44
32.302,0xC0,0.1,3.3438,19.44
32.395,0xC0,0.1,3.3648,16.81
32.398,0xC0,0.1,3.3856,16.81
32.402,0xC0,0.1,3.403,16.81
32.407,0xC0,0.1,3.4178,16.81
32.409,0xC0,0.1,3.4306,16.81
32.442,0xC0,0.1,3.4452,16.0
32.446,0xC0,0.1,3.4471,16.0
32.491,0xC0,0.1,3.4735,16.0
32.496,0xC0,0.1,3.4892,16.0
32.502,0xC0,0.1,3.5046,16.0
32.506,0xC0,0.1,3.5235,16.0
32.513,0xC0,0.1,3.543,16.0
32.548,0xC0,0.1,3.5765,14.56
32.554,0xC0,0.1,3.5717,14.56
32.561,0xC0,0.1,3.5698,14.56
32.567,0xC0,0.1,3.5761,14.56
32.575,0xC0,0.1,3.5833,14.56
32.704,0xC0,0.1,3.6681,13.94
32.708,0xC0,0.1,3.6847,13.94
32.712,0xC0,0.1,3.6886,13.94
32.715,0xC0,0.1,3.6888,13.94
32.718,0xC0,0.1,3.6877,13.94
32.719,0xC0,0.1,3.6893,13.94
32.809,0xC0,0.1,3.7385,13.31
32.817,0xC0,0.1,3.7196,13.25
32.823,0xC0,0.1,3.7064,13.25
32.831,0xC0,0.1,3.7072,13.25
32.837,0xC0,0.1,3.7074,13.25
32.843,0xC0,0.1,3.7079,13.25
32.856,0xC0,0.1,3.7108,13.31
32.904,0xC0,0.1,3.7371,13.38
32.911,0xC0,0.1,3.7515,13.38
32.959,0xC0,0.1,3.783,13.56
33.001,0xC0,0.1,3.8141,13.62
33.004,0xC0,0.1,3.8187,13.62
33.124,0xC0,0.1,3.8743,13.69
33.127,0xC0,0.1,3.8594,13.69
33.133,0xC0,0.1,3.8486,13.69
33.137,0xC0,0.1,3.8395,13.69
33.141,0xC0,0.1,3.832,13.69
33.145,0xC0,0.1,3.8263,13.69
33.186,0xC0,0.1,3.8332,13.69
33.189,0xC0,0.1,3.8267,13.69
33.193,0xC0,0.1,3.8373,13.69
33.196,0xC0,0.1,3.8498,13.69
33.203,0xC0,0.1,3.8652,13.69
33.21,0xC0,0.1,3.8796,13.69
33.232,0xC0,0.1,3.9082,13.69
33.236,0xC0,0.1,3.9278,13.69
33.242,0xC0,0.1,3.9442,13.69
33.246,0xC0,0.1,3.9587,13.69
33.252,0xC0,0.1,3.9629,13.69
33.259,0xC0,0.1,3.9704,13.69
33.265,0xC0,0.1,3.9809,13.69
33.283,0xC0,0.1,3.9973,13.69
33.288,0xC0,0.1,4.007,13.69
33.296,0xC0,0.1,4.0178,13.69
33.347,0xC0,0.1,4.0557,12.94
33.355,0xC0,0.1,4.0643,12.38
33.362,0xC0,0.1,4.0716,12.0
33.37,0xC0,0.1,4.0773,11.81
33.375,0xC0,0.1,4.0793,11.81
33.383,0xC0,0.1,4.0824,11.81
33.39,0xC0,0.1,4.0853,11.81
33.395,0xC0,0.1,4.0975,11.19
33.4,0xC0,0.1,4.1106,11.19
33.405,0xC0,0.1,4.1233,11.19
33.409,0xC0,0.1,4.1347,11.19
33.437,0xC0,0.1,4.162,10.19
33.443,0xC0,0.1,4.1736,10.19
33.485,0xC0,0.1,4.2134,9.0
33.494,0xC0,0.1,4.2239,9.0
33.502,0xC0,0.1,4.2361,9.0
33.508,0xC0,0.1,4.2437,9.0
33.516,0xC0,0.1,4.2532,9.0
33.649,0xC0,0.1,4.3456,6.69
33.653,0xC0,0.1,4.3383,6.69
33.658,0xC0,0.1,4.3197,6.69
33.664,0xC0,0.1,4.3092,6.69
33.668,0xC0,0.1,4.3007,6.69
33.671,0xC0,0.1,4.2822,6.69
33.675,0xC0,0.1,4.2607,6.69
33.68,0xC0,0.1,4.2411,6.69
33.687,0xC0,0.1,4.2238,6.69
33.694,0xC0,0.1,4.2088,6.69
33.729,0xC0,0.1,4.2039,4.75
33.735,0xC0,0.1,4.1881,4.75
33.741,0xC0,0.1,4.1736,4.75
33.745,0xC0,0.1,4.1778,4.75
33.75,0xC0,0.1,4.1863,4.75
33.753,0xC0,0.1,4.1962,4.75
33.778,0xC0,0.1,4.2133,3.88
33.784,0xC0,0.1,4.2236,3.88
33.792,0xC0,0.1,4.2337,3.88
33.799,0xC0,0.1,4.2439,3.88
33.808,0xC0,0.1,4.2543,3.88
33.83,0xC0,0.1,4.2718,3.44
33.837,0xC0,0.1,4.2814,3.44
33.843,0xC0,0.1,4.2914,3.44
33.848,0xC0,0.1,4.3009,3.44
33.878,0xC0,0.1,4.321,3.31
33.884,0xC0,0.1,4.3295,3.31
33.89,0xC0,0.1,4.3375,3.31
33.896,0xC0,0.1,4.3451,3.31
33.903,0xC0,0.1,4.3533,3.31
33.908,0xC0,0.1,4.3606,3.31
33.922,0xC0,0.1,4.3787,2.75
33.926,0xC0,0.1,4.3918,2.75
33.931,0xC0,0.1,4.4035,2.75
33.969,0xC0,0.1,4.4351,1.88
33.971,0xC0,0.1,4.4444,1.88
34.035,0xC0,0.1,4.4925,1.31
34.041,0xC0,0.1,4.4994,1.31
34.048,0xC0,0.1,4.5085,1.31
34.143,0xC0,0.1,4.5741,1.75
34.149,0xC0,0.1,4.5799,1.75
34.155,0xC0,0.1,4.5834,1.75
34.16,0xC0,0.1,4.5914,1.75
34.165,0xC0,0.1,4.5954,1.75
34.172,0xC0,0.1,4.5997,1.81
34.177,0xC0,0.1,4.6008,1.81
34.186,0xC0,0.1,4.6055,1.81
34.192,0xC0,0.1,4.6092,1.81
34.2,0xC0,0.1,4.6127,1.81
34.326,0xC0,0.1,4.6923,1.44
34.384,0xC0,0.1,4.7387,2.06
34.392,0xC0,0.1,4.7491,2.06
34.549,0xC0,0.1,4.8477,2.81
34.552,0xC0,0.1,4.8283,2.81
34.556,0xC0,0.1,4.7901,2.81
34.559,0xC0,0.1,4.7582,2.81
34.563,0xC0,0.1,4.7304,2.81
34.565,0xC0,0.1,4.6983,2.81
34.568,0xC0,0.1,4.6753,2.81
34.571,0xC0,0.1,4.6572,2.81
34.573,0xC0,0.1,4.6651,2.81
34.575,0xC0,0.1,4.6804,2.81
34.578,0xC0,0.1,4.6965,2.81
34.579,0xC0,0.1,4.7143,2.81
34.582,0xC0,0.1,4.7323,2.81
34.585,0xC0,0.1,4.7479,2.81
34.589,0xC0,0.1,4.7627,2.81
34.597,0xC0,0.1,4.7776,3.25
34.754,0xC0,0.1,4.8643,4.56
34.761,0xC0,0.1,4.884,4.56
34.768,0xC0,0.1,4.9023,4.56
34.773,0xC0,0.1,4.9166,4.56
34.777,0xC0,0.1,4.9266,4.56
34.781,0xC0,0.1,4.9346,4.56
34.809,0xC0,0.1,4.9636,5.12
34.865,0xC0,0.1,5.0123,5.31
34.868,0xC0,0.1,5.0233,5.31
34.874,0xC0,0.1,5.0337,5.31
34.877,0xC0,0.1,5.0404,5.31
34.955,0xC0,0.1,5.1016,5.31
34.962,0xC0,0.1,5.1042,5.31
34.968,0xC0,0.1,5.1087,5.31
34.974,0xC0,0.1,5.112,5.31
34.981,0xC0,0.1,5.1144,5.31
34.987,0xC0,0.1,5.1177,5.31
34.994,0xC0,0.1,5.1196,5.31
35.0,0xC0,0.1,5.1222,5.31
35.006,0xC0,0.1,5.124,5.31
35.051,0xC0,0.1,5.1515,5.31
35.161,0xC0,0.1,5.2126,5.69
35.167,0xC0,0.1,5.2018,5.69
35.175,0xC0,0.1,5.1951,5.69
35.184,0xC0,0.1,5.1897,5.69
35.191,0xC0,0.1,5.1867,5.69
35.2,0xC0,0.1,5.1825,5.69
35.269,0xC0,0.1,5.2088,3.69
35.274,0xC0,0.1,5.2014,3.69
35.28,0xC0,0.1,5.1949,3.69
35.287,0xC0,0.1,5.19,3.69
35.294,0xC0,0.1,5.1976,3.69
35.299,0xC0,0.1,5.204,3.69
35.306,0xC0,0.1,5.2099,3.69
35.311,0xC0,0.1,5.2156,3.69
35.371,0xC0,0.1,5.2443,1.31
35.378,0xC0,0.1,5.2478,1.31
35.39,0xC0,0.1,5.2519,1.31
35.416,0xC0,0.1,5.2642,1.31
35.421,0xC0,0.1,5.2807,1.31
35.425,0xC0,0.1,5.2873,1.31
35.431,0xC0,0.1,5.2903,1.31
35.467,0xC0,0.1,5.3092,359.0
35.47,0xC0,0.1,5.3106,359.0
35.473,0xC0,0.1,5.3118,359.0
35.514,0xC0,0.1,5.3274,357.56
35.562,0xC0,0.1,5.3433,356.56
35.567,0xC0,0.1,5.3381,356.56
35.575,0xC0,0.1,5.334,356.56
35.608,0xC0,0.1,5.3407,355.88
35.776,0xC0,0.1,5.3894,354.38
35.781,0xC0,0.1,5.3728,354.38
35.788,0xC0,0.1,5.3506,354.38
35.791,0xC0,0.1,5.3311,354.38
35.796,0xC0,0.1,5.3146,354.38
35.801,0xC0,0.1,5.3007,354.38
35.882,0xC0,0.1,5.2949,355.62
35.896,0xC0,0.1,5.2953,355.62
35.909,0xC0,0.1,5.301,355.62
35.914,0xC0,0.1,5.3059,355.62
35.921,0xC0,0.1,5.3105,355.62
35.981,0xC0,0.1,5.3219,357.31
35.987,0xC0,0.1,5.3335,357.31
35.994,0xC0,0.1,5.3616,357.31
36.0,0xC0,0.1,5.3862,357.31
36.037,0xC0,0.1,5.4184,357.81
36.045,0xC0,0.1,5.4386,357.81
36.055,0xC0,0.1,5.4578,357.81
36.063,0xC0,0.1,5.477,357.81
36.188,0xC0,0.1,5.577,359.31
36.193,0xC0,0.1,5.6185,359.31
36.199,0xC0,0.1,5.6564,359.31
36.202,0xC0,0.1,5.6847,359.31
36.209,0xC0,0.1,5.7089,359.31
36.215,0xC0,0.1,5.7313,359.31
36.234,0xC0,0.1,5.7717,359.75
36.237,0xC0,0.1,5.7972,359.75
36.242,0xC0,0.1,5.8198,359.75
36.246,0xC0,0.1,5.8352,359.75
36.39,0xC0,0.1,5.9912,0.19
36.393,0xC0,0.1,5.9958,0.19
36.403,0xC0,0.1,6.004,0.19
36.412,0xC0,0.1,6.0084,0.19
36.44,0xC0,0.1,6.0299,0.19
36.452,0xC0,0.1,6.0378,0.19
36.456,0xC0,0.1,6.043,0.19
36.46,0xC0,0.1,6.0422,0.19
36.466,0xC0,0.1,6.0531,0.19
36.469,0xC0,0.1,6.061,0.19
36.473,0xC0,0.1,6.0706,0.19
36.476,0xC0,0.1,6.0784,0.19
36.482,0xC0,0.1,6.0876,0.19
36.485,0xC0,0.1,6.0935,0.19
36.599,0xC0,0.1,6.2052,1.06
36.606,0xC0,0.1,6.202,1.06
36.613,0xC0,0.1,6.1793,1.06
36.621,0xC0,0.1,6.1614,0.69
36.627,0xC0,0.1,6.1434,0.69
36.634,0xC0,0.1,6.1281,0.69
36.64,0xC0,0.1,6.1148,0.69
36.701,0xC0,0.1,6.1287,0.69
36.709,0xC0,0.1,6.1112,0.75
36.714,0xC0,0.1,6.1157,1.06
36.718,0xC0,0.1,6.1451,1.06
36.723,0xC0,0.1,6.1805,1.06
36.726,0xC0,0.1,6.2119,1.06
36.731,0xC0,0.1,6.2417,1.06
36.801,0xC0,0.1,6.3239,0.5
36.849,0xC0,0.1,6.3862,0.19
36.858,0xC0,0.1,6.4053,0.19
36.863,0xC0,0.1,6.424,0.19
37.004,0xC0,0.1,6.5642,1.12
37.01,0xC0,0.1,6.5647,1.12
37.019,0xC0,0.1,6.5641,1.12
37.026,0xC0,0.1,6.5649,1.12
37.033,0xC0,0.1,6.5622,1.12
37.039,0xC0,0.1,6.5579,1.12
37.047,0xC0,0.1,6.556,1.12
37.053,0xC0,0.1,6.5531,1.12
37.061,0xC0,0.1,6.552,1.12
37.068,0xC0,0.1,6.5509,1.5
37.073,0xC0,0.1,6.5491,1.5
37.08,0xC0,0.1,6.5482,1.5
37.086,0xC0,0.1,6.5459,1.5
37.209,0xC0,0.1,6.6219,4.5
37.216,0xC0,0.1,6.6077,4.5
37.222,0xC0,0.1,6.5966,4.5
37.228,0xC0,0.1,6.5879,4.5
37.235,0xC0,0.1,6.5812,4.5
37.241,0xC0,0.1,6.575,4.5
37.255,0xC0,0.1,6.5732,5.75
37.262,0xC0,0.1,6.5693,5.75
37.304,0xC0,0.1,6.5802,7.44
37.31,0xC0,0.1,6.5746,7.44
37.316,0xC0,0.1,6.5717,7.44
37.32,0xC0,0.1,6.5807,7.44
37.324,0xC0,0.1,6.5876,7.44
37.349,0xC0,0.1,6.6025,7.44
37.519,0xC0,0.1,6.6772,11.0
37.527,0xC0,0.1,6.6733,11.12
37.533,0xC0,0.1,6.6705,11.12
37.539,0xC0,0.1,6.6677,11.12
37.545,0xC0,0.1,6.665,11.12
37.551,0xC0,0.1,6.676,11.12
37.556,0xC0,0.1,6.6853,11.12
37.563,0xC0,0.1,6.6938,11.12
37.568,0xC0,0.1,6.6986,11.12
37.575,0xC0,0.1,6.7035,11.12
37.578,0xC0,0.1,6.7068,11.12
37.582,0xC0,0.1,6.7091,11.0
37.617,0xC0,0.1,6.7273,11.44
37.619,0xC0,0.1,6.7295,11.44
37.624,0xC0,0.1,6.7314,11.44
37.627,0xC0,0.1,6.7345,11.44
37.73,0xC0,0.1,6.7787,12.56
37.736,0xC0,0.1,6.7774,12.56
37.74,0xC0,0.1,6.7747,12.56
37.746,0xC0,0.1,6.7716,12.56
37.753,0xC0,0.1,6.7701,12.56
37.822,0xC0,0.1,6.8115,12.38
37.829,0xC0,0.1,6.8349,12.38
37.844,0xC0,0.1,6.8572,12.38
37.852,0xC0,0.1,6.8771,12.38
37.861,0xC0,0.1,6.8938,12.38
37.866,0xC0,0.1,6.907,12.38
37.873,0xC0,0.1,6.9194,12.38
37.924,0xC0,0.1,6.9904,11.56
37.928,0xC0,0.1,7.04,11.56
37.933,0xC0,0.1,7.0864,11.56
37.937,0xC0,0.1,7.1273,11.56
37.944,0xC0,0.1,7.1631,11.56
37.949,0xC0,0.1,7.1972,11.56
37.957,0xC0,0.1,7.2305,11.56
37.963,0xC0,0.1,7.2587,11.56
37.981,0xC0,0.1,7.2943,10.75
37.988,0xC0,0.1,7.3188,10.75
37.996,0xC0,0.1,7.3389,10.75
38.028,0xC0,0.1,7.3912,10.75
38.033,0xC0,0.1,7.4058,10.75
38.132,0xC0,0.1,7.5403,10.0
38.137,0xC0,0.1,7.5375,10.0
38.144,0xC0,0.1,7.5174,10.0
38.15,0xC0,0.1,7.5005,10.0
38.154,0xC0,0.1,7.4799,10.0
38.161,0xC0,0.1,7.4591,10.0
38.165,0xC0,0.1,7.4457,10.0
38.181,0xC0,0.1,7.4424,9.19
38.187,0xC0,0.1,7.4317,9.19
38.192,0xC0,0.1,7.4244,9.19
38.197,0xC0,0.1,7.415,9.19
38.228,0xC0,0.1,7.4268,8.62
38.271,0xC0,0.1,7.4506,8.56
38.322,0xC0,0.1,7.4694,8.62
38.385,0xC0,0.1,7.4892,8.81
38.551,0xC0,0.1,7.5361,9.12
38.556,0xC0,0.1,7.4976,9.12
38.564,0xC0,0.1,7.4659,9.12
38.567,0xC0,0.1,7.4422,9.12
38.571,0xC0,0.1,7.4232,9.12
38.574,0xC0,0.1,7.4077,9.88
38.579,0xC0,0.1,7.3946,11.06
38.582,0xC0,0.1,7.3839,11.06
38.586,0xC0,0.1,7.3747,11.06
38.645,0xC0,0.1,7.3703,12.5
38.65,0xC0,0.1,7.3632,12.5
38.747,0xC0,0.1,7.3622,14.31
38.751,0xC0,0.1,7.4137,14.31
38.755,0xC0,0.1,7.4654,14.31
38.848,0xC0,0.1,7.5574,14.88
38.853,0xC0,0.1,7.5945,14.88
38.861,0xC0,0.1,7.6318,14.88
38.866,0xC0,0.1,7.6624,14.88
38.898,0xC0,0.1,7.7005,14.88
38.902,0xC0,0.1,7.7109,14.88
38.948,0xC0,0.1,7.742,15.38
38.954,0xC0,0.1,7.7418,15.38
38.961,0xC0,0.1,7.7431,15.38
39.062,0xC0,0.1,7.8049,15.25
39.068,0xC0,0.1,7.7972,15.25
39.074,0xC0,0.1,7.7928,15.25
39.079,0xC0,0.1,7.8269,15.25
39.084,0xC0,0.1,7.8652,15.25
39.088,0xC0,0.1,7.8996,15.25
39.092,0xC0,0.1,7.9306,15.25
39.096,0xC0,0.1,7.959,15.25
39.103,0xC0,0.1,7.9832,15.25
39.11,0xC0,0.1,8.0068,15.25
39.162,0xC0,0.1,8.0755,14.31
39.168,0xC0,0.1,8.0967,14.31
39.175,0xC0,0.1,8.1176,14.31
39.178,0xC0,0.1,8.133,14.31
39.184,0xC0,0.1,8.1485,14.31
39.19,0xC0,0.1,8.1624,14.31
39.198,0xC0,0.1,8.1798,14.31
39.258,0xC0,0.1,8.2571,12.88
39.264,0xC0,0.1,8.2671,12.88
39.272,0xC0,0.1,8.2776,12.88
39.277,0xC0,0.1,8.2838,12.88
39.285,0xC0,0.1,8.2923,12.88
39.29,0xC0,0.1,8.2989,12.88
39.297,0xC0,0.1,8.3061,12.88
39.305,0xC0,0.1,8.3196,12.88
39.309,0xC0,0.1,8.3247,12.88
39.354,0xC0,0.1,8.3811,12.62
39.358,0xC0,0.1,8.3816,12.62
39.365,0xC0,0.1,8.3868,12.62
39.461,0xC0,0.1,8.4903,12.0
39.464,0xC0,0.1,8.4819,12.0
39.468,0xC0,0.1,8.4742,12.0
39.47,0xC0,0.1,8.4694,12.0
39.51,0xC0,0.1,8.4987,12.69
39.565,0xC0,0.1,8.5344,13.94
39.569,0xC0,0.1,8.5213,13.94
39.664,0xC0,0.1,8.5787,17.31
39.668,0xC0,0.1,8.5551,17.31
39.672,0xC0,0.1,8.5452,17.31
39.676,0xC0,0.1,8.5382,17.31
39.68,0xC0,0.1,8.5335,17.31
39.683,0xC0,0.1,8.5357,17.31
39.688,0xC0,0.1,8.5383,17.31
39.691,0xC0,0.1,8.5412,17.31
39.719,0xC0,0.1,8.5625,17.31
39.723,0xC0,0.1,8.5676,17.31
39.874,0xC0,0.0433,8.6635,30.12
39.876,0xC0,0.0398,8.6743,30.12
39.881,0xC0,0.0286,8.6801,30.12
39.884,0xC0,0.0162,8.6835,30.12
39.89,0xC0,0.0227,8.6892,30.12
39.976,0xC0,0.0612,8.7417,37.69
40.075,0xC0,0.1039,8.7901,46.06
40.081,0xC0,0.1094,8.7696,46.06
40.125,0xC0,0.1485,8.7832,49.88
40.129,0xC0,0.1478,8.786,49.88
40.137,0xC0,0.1483,8.7896,49.88
40.141,0xC0,0.1489,8.7926,49.88
40.176,0xC0,0.1716,8.8238,53.12
40.181,0xC0,0.1677,8.8417,53.12
40.186,0xC0,0.16,8.8572,53.12
40.282,0xC0,0.1751,8.9127,59.31
40.286,0xC0,0.1495,8.9042,59.31
40.291,0xC0,0.1274,8.896,59.31
40.296,0xC0,0.1084,8.888,59.31
40.303,0xC0,0.093,8.8831,59.31
40.329,0xC0,0.1005,8.9098,62.0
40.336,0xC0,0.1067,8.9238,62.0
40.342,0xC0,0.1193,8.938,62.0
40.347,0xC0,0.1344,8.9498,62.0
40.377,0xC0,0.1555,8.9758,63.81
40.431,0xC0,0.1845,9.0162,64.88
40.496,0xC0,0.2169,9.057,66.19
40.503,0xC0,0.2322,9.0644,66.19
40.587,0xC0,0.2743,9.1124,66.19
40.592,0xC0,0.285,9.1098,66.19
40.6,0xC0,0.3005,9.1047,66.19
40.688,0xC0,0.3545,9.1352,66.19
40.692,0xC0,0.3727,9.1019,66.19
40.697,0xC0,0.3949,9.0688,66.19
40.701,0xC0,0.421,9.0376,66.19
40.705,0xC0,0.4433,9.0108,66.19
40.708,0xC0,0.4612,8.9881,66.19
40.712,0xC0,0.4762,8.9675,66.19
40.718,0xC0,0.4997,8.9728,66.19
40.746,0xC0,0.5534,8.9975,66.19
40.892,0xC0,0.7304,9.0547,77.0
40.895,0xC0,0.7754,9.082,77.0
40.9,0xC0,0.8053,9.104,77.0
40.904,0xC0,0.8266,9.1223,77.0
40.911,0xC0,0.8461,9.1376,77.0
40.915,0xC0,0.8557,9.151,77.0
40.938,0xC0,0.8788,9.1706,78.19
40.943,0xC0,0.8771,9.1754,78.19
40.949,0xC0,0.8779,9.1804,78.19
40.955,0xC0,0.8788,9.185,78.19
40.998,0xC0,0.9151,9.2055,78.19
41.05,0xC0,0.9563,9.2273,84.44
41.057,0xC0,0.9516,9.2264,84.44
41.064,0xC0,0.9483,9.2259,84.44
41.071,0xC0,0.9626,9.2408,84.44
41.076,0xC0,0.9636,9.261,84.44
41.08,0xC0,0.9544,9.2793,84.44
41.098,0xC0,0.9547,9.3069,84.44
41.104,0xC0,0.9439,9.3237,84.44
41.11,0xC0,0.9376,9.3383,84.44
41.201,0xC0,0.9931,9.4098,87.38
41.207,0xC0,0.9857,9.4108,87.38
41.215,0xC0,0.9802,9.4128,87.38
41.22,0xC0,0.9803,9.4127,87.38
41.227,0xC0,0.9833,9.4136,87.38
41.233,0xC0,0.9857,9.4139,87.38
41.24,0xC0,0.9886,9.415,87.38
41.246,0xC0,0.9923,9.4129,87.38
41.253,0xC0,1.0025,9.4098,87.38
41.259,0xC0,1.0119,9.4045,87.38
41.266,0xC0,1.0217,9.4006,87.38
41.272,0xC0,1.0302,9.3965,87.38
41.278,0xC0,1.0382,9.3928,87.38
41.283,0xC0,1.0464,9.3908,87.38
41.29,0xC0,1.0557,9.3903,87.38
41.296,0xC0,1.0664,9.3909,87.38
41.301,0xC0,1.0935,9.3953,87.38
41.304,0xC0,1.1198,9.3956,87.38
41.349,0xC0,1.1797,9.4115,90.0
41.356,0xC0,1.2137,9.413,90.0
41.396,0xC0,1.2783,9.4255,90.88
41.402,0xC0,1.3133,9.4391,90.88
41.408,0xC0,1.3472,9.4522,90.88
41.411,0xC0,1.3715,9.4603,90.88
41.416,0xC0,1.3963,9.4683,90.88
41.42,0xC0,1.4179,9.4753,90.88
41.424,0xC0,1.4393,9.4822,90.88
41.52,0xC0,1.5737,9.5313,92.69
41.526,0xC0,1.5917,9.5349,92.69
41.532,0xC0,1.603,9.5357,92.69
41.537,0xC0,1.6122,9.5361,92.69
41.543,0xC0,1.6165,9.5358,92.69
41.548,0xC0,1.6158,9.5359,92.69
41.563,0xC0,1.63,9.5425,92.88
41.569,0xC0,1.6329,9.5448,92.88
41.576,0xC0,1.638,9.5454,92.88
41.581,0xC0,1.6405,9.5451,92.88
41.586,0xC0,1.6644,9.5456,92.88
41.59,0xC0,1.6866,9.5455,92.88
41.612,0xC0,1.7316,9.5512,92.88
41.615,0xC0,1.7526,9.5493,92.88
41.657,0xC0,1.8269,9.5565,92.75
41.661,0xC0,1.8459,9.5476,92.75
41.709,0xC0,1.9229,9.5417,92.75
41.713,0xC0,1.9296,9.5243,92.75
41.717,0xC0,1.9385,9.5075,92.75
41.722,0xC0,1.9437,9.4924,92.75
41.818,0xC0,2.0717,9.4844,93.38
41.823,0xC0,2.0441,9.4649,93.38
41.83,0xC0,2.0155,9.4433,93.38
41.835,0xC0,1.9883,9.4221,93.38
41.842,0xC0,1.963,9.4025,93.38
41.846,0xC0,1.9367,9.3877,93.38
41.918,0xC0,1.9739,9.3626,93.38
41.922,0xC0,1.9429,9.3648,93.38
41.927,0xC0,1.9084,9.3637,93.38
41.931,0xC0,1.8669,9.359,93.38
41.938,0xC0,1.8312,9.3532,93.38
41.943,0xC0,1.8018,9.3435,93.38
41.95,0xC0,1.7748,9.3343,93.38
42.02,0xC0,1.7834,9.309,93.75
42.033,0xC0,1.7676,9.2965,93.75
42.049,0xC0,1.7769,9.2891,93.75
42.057,0xC0,1.7846,9.2862,93.75
42.064,0xC0,1.796,9.2832,93.75
42.067,0xC0,1.8246,9.2825,93.75
42.072,0xC0,1.8491,9.2817,93.75
42.124,0xC0,1.9066,9.2661,94.81
42.17,0xC0,1.9617,9.2529,95.19
42.176,0xC0,1.986,9.2521,95.19
42.184,0xC0,2.0109,9.2503,95.19
42.222,0xC0,2.0584,9.2408,95.88
42.225,0xC0,2.0831,9.2477,95.88
42.23,0xC0,2.1062,9.2525,95.88
42.234,0xC0,2.1325,9.2561,95.88
42.268,0xC0,2.1847,9.2516,96.81
42.272,0xC0,2.1978,9.2382,96.81
42.312,0xC0,2.2457,9.2104,96.81
42.314,0xC0,2.2553,9.1941,96.81
42.319,0xC0,2.2802,9.1857,96.81
42.322,0xC0,2.3065,9.1803,96.81
42.327,0xC0,2.337,9.1745,96.81
42.358,0xC0,2.4025,9.1594,98.25
42.405,0xC0,2.498,9.1423,99.0
42.452,0xC0,2.5988,9.1278,99.0
42.457,0xC0,2.6429,9.13,100.0
42.46,0xC0,2.6804,9.1299,100.0
42.465,0xC0,2.7187,9.1278,100.0
42.468,0xC0,2.7531,9.1278,100.0
42.497,0xC0,2.8262,9.1176,100.0
42.501,0xC0,2.8491,9.115,100.0
42.505,0xC0,2.8684,9.1107,100.0
42.509,0xC0,2.8875,9.1049,100.0
42.629,0xC0,3.0979,9.0479,101.5
42.633,0xC0,3.1159,9.0431,101.5
42.64,0xC0,3.1302,9.039,101.5
42.645,0xC0,3.1442,9.0335,101.5
42.655,0xC0,3.1621,9.0272,101.5
42.663,0xC0,3.1589,9.0231,101.5
42.67,0xC0,3.1462,9.0204,101.5
42.675,0xC0,3.1244,9.0205,101.5
42.682,0xC0,3.1086,9.0188,101.5
42.741,0xC0,3.1651,9.0093,102.12
42.747,0xC0,3.1477,9.0207,102.12
42.752,0xC0,3.1411,9.0278,102.12
42.757,0xC0,3.1314,9.0348,102.12
42.762,0xC0,3.1277,9.0385,102.12
42.836,0xC0,3.2075,9.0236,102.38
42.84,0xC0,3.1939,9.0273,102.38
42.845,0xC0,3.1806,9.0286,102.38
42.848,0xC0,3.1708,9.0274,102.38
42.936,0xC0,3.2535,9.0018,102.38
42.939,0xC0,3.2376,8.9975,102.38
42.941,0xC0,3.224,8.9929,102.38
42.943,0xC0,3.2115,8.9884,102.38
42.946,0xC0,3.2025,8.9858,102.38
42.95,0xC0,3.1994,8.9822,102.38
42.955,0xC0,3.1958,8.9795,102.38
42.962,0xC0,3.1956,8.9761,102.38
42.969,0xC0,3.1972,8.9737,102.38
43.008,0xC0,3.2424,8.9666,102.25
43.147,0xC0,3.3791,8.9384,100.88
43.154,0xC0,3.3791,8.9499,100.88
43.158,0xC0,3.3777,8.9614,100.88
43.161,0xC0,3.3807,8.9693,100.88
43.166,0xC0,3.3835,8.9765,100.88
43.169,0xC0,3.3811,8.9808,100.88
43.173,0xC0,3.3814,8.9815,100.88
43.176,0xC0,3.3807,8.9816,100.88
43.18,0xC0,3.3797,8.9808,100.88
43.184,0xC0,3.3775,8.9799,100.88
43.19,0xC0,3.3692,8.9744,100.56
43.193,0xC0,3.3561,8.97,100.56
43.198,0xC0,3.3463,8.9698,100.56
43.201,0xC0,3.338,8.9714,100.56
43.347,0xC0,3.4295,8.9558,99.25
43.351,0xC0,3.4142,8.956,99.25
43.357,0xC0,3.4044,8.9546,99.25
43.36,0xC0,3.397,8.952,99.25
43.364,0xC0,3.3922,8.9491,99.25
43.367,0xC0,3.3863,8.9482,99.25
43.372,0xC0,3.387,8.9493,99.25
43.375,0xC0,3.3913,8.9499,99.25
43.39,0xC0,3.4042,8.9493,99.38
43.443,0xC0,3.4351,8.9432,99.38
43.449,0xC0,3.4419,8.9446,99.38
43.455,0xC0,3.4506,8.9451,99.38
43.457,0xC0,3.4595,8.9461,99.38
43.459,0xC0,3.47,8.9457,99.38
43.484,0xC0,3.4951,8.9424,99.31
43.488,0xC0,3.5033,8.9406,99.31
43.492,0xC0,3.5059,8.9415,99.31
43.536,0xC0,3.5323,8.9389,100.0
43.539,0xC0,3.5249,8.9399,100.0
43.544,0xC0,3.5187,8.9398,100.0
43.656,0xC0,3.5758,8.9285,103.06
43.659,0xC0,3.574,8.9331,103.06
43.664,0xC0,3.5805,8.9358,103.06
43.668,0xC0,3.5864,8.9373,103.06
43.672,0xC0,3.5947,8.9366,103.06
43.677,0xC0,3.6002,8.9361,103.06
43.684,0xC0,3.6082,8.9352,103.06
43.689,0xC0,3.6154,8.9344,103.06
43.706,0xC0,3.628,8.9329,103.06
43.711,0xC0,3.6334,8.9321,103.06
43.758,0xC0,3.6625,8.9283,104.38
43.764,0xC0,3.664,8.9278,104.38
43.85,0xC0,3.7121,8.9207,104.75
43.898,0xC0,3.7321,8.9164,104.75
43.901,0xC0,3.7223,8.9284,104.75
43.907,0xC0,3.7228,8.9431,104.75
44.064,0xC0,3.8108,8.9607,107.31
44.067,0xC0,3.8191,8.9746,107.31
44.071,0xC0,3.8211,8.9832,107.31
44.075,0xC0,3.819,8.989,107.31
44.079,0xC0,3.8281,8.984,107.31
44.082,0xC0,3.8439,8.9771,107.31
44.085,0xC0,3.8643,8.963,107.31
44.089,0xC0,3.8867,8.9483,107.31
44.093,0xC0,3.9122,8.9344,107.31
44.097,0xC0,3.9326,8.9237,107.31
44.166,0xC0,3.9981,8.9081,107.5
44.17,0xC0,4.0085,8.8985,107.5
44.175,0xC0,4.0188,8.8906,107.5
44.18,0xC0,4.0359,8.8839,107.5
44.274,0xC0,4.1233,8.8624,108.62
44.278,0xC0,4.1299,8.8584,108.62
44.282,0xC0,4.1483,8.8592,108.62
44.285,0xC0,4.1626,8.8599,108.62
44.289,0xC0,4.1684,8.86,108.62
44.292,0xC0,4.1742,8.8572,108.62
44.371,0xC0,4.2418,8.8408,108.62
44.375,0xC0,4.2423,8.8363,108.62
44.38,0xC0,4.2428,8.8336,108.62
44.383,0xC0,4.2384,8.8373,108.62
44.389,0xC0,4.2473,8.8437,108.62
44.392,0xC0,4.2669,8.8504,108.62
44.398,0xC0,4.2845,8.8623,108.62
44.406,0xC0,4.3003,8.8765,108.62
44.41,0xC0,4.3056,8.8896,108.62
44.413,0xC0,4.3062,8.9014,108.62
44.418,0xC0,4.3083,8.9103,108.62
44.424,0xC0,4.3092,8.9181,108.62
44.428,0xC0,4.3086,8.9222,108.62
44.432,0xC0,4.3111,8.925,108.62
44.574,0xC0,4.4404,8.9379,116.44
44.575,0xC0,4.4304,8.9357,116.44
44.578,0xC0,4.4216,8.9334,116.44
44.58,0xC0,4.405,8.929,116.44
44.582,0xC0,4.3855,8.9247,116.44
44.584,0xC0,4.3676,8.9203,116.44
44.588,0xC0,4.3515,8.9172,116.44
44.591,0xC0,4.3451,8.9192,116.44
44.595,0xC0,4.3505,8.9235,116.44
44.597,0xC0,4.3614,8.9237,116.44
44.623,0xC0,4.3897,8.9218,118.38
44.626,0xC0,4.4099,8.9207,118.38
44.63,0xC0,4.4356,8.92,118.38
44.673,0xC0,4.4912,8.9193,120.62
44.675,0xC0,4.4996,8.9177,120.62
44.679,0xC0,4.5036,8.9171,120.62
44.72,0xC0,4.5371,8.9164,124.12
44.725,0xC0,4.5392,8.9156,124.12
44.779,0xC0,4.579,8.9137,127.88
44.838,0xC0,4.6103,8.9127,131.19
44.854,0xC0,4.6054,8.9129,131.19
44.99,0xC0,4.6712,8.9076,144.31
44.997,0xC0,4.635,8.9125,144.31
45.003,0xC0,4.6049,8.9105,144.31
45.007,0xC0,4.5799,8.9068,144.31
45.02,0xC0,4.5729,8.9065,144.31
45.028,0xC0,4.5857,8.9076,144.31
45.033,0xC0,4.602,8.9065,144.31
45.036,0xC0,4.6165,8.9044,144.31
45.041,0xC0,4.6237,8.8996,144.31
45.044,0xC0,4.6275,8.8944,144.31
45.051,0xC0,4.6301,8.8898,144.31
45.056,0xC0,4.6324,8.8858,144.31
45.063,0xC0,4.6365,8.8816,144.31
45.068,0xC0,4.6383,8.8786,144.31
45.075,0xC0,4.6524,8.88,144.31
45.083,0xC0,4.6658,8.8814,148.25
45.088,0xC0,4.6725,8.8843,148.25
45.094,0xC0,4.6795,8.8863,148.25
45.096,0xC0,4.6836,8.8879,148.25
45.101,0xC0,4.6882,8.889,152.19
45.105,0xC0,4.6868,8.8904,152.19
45.11,0xC0,4.6899,8.8836,152.19
45.126,0xC0,4.7019,8.8738,155.94
45.129,0xC0,4.7084,8.8648,155.94
45.134,0xC0,4.7154,8.856,155.94
45.136,0xC0,4.7216,8.8475,155.94
45.141,0xC0,4.7242,8.8377,155.94
45.179,0xC0,4.7401,8.8193,159.5
45.185,0xC0,4.7357,8.809,159.5
45.191,0xC0,4.7325,8.7986,159.5
45.197,0xC0,4.7285,8.789,159.5
45.204,0xC0,4.7253,8.7795,159.5
45.234,0xC0,4.7319,8.7611,162.94
45.24,0xC0,4.7323,8.7529,162.94
45.246,0xC0,4.7332,8.7449,162.94
45.253,0xC0,4.7335,8.738,162.94
45.282,0xC0,4.7516,8.7226,166.25
45.285,0xC0,4.7585,8.7198,166.25
45.289,0xC0,4.7672,8.7149,166.25
45.329,0xC0,4.7898,8.6945,169.38
45.332,0xC0,4.7957,8.6887,169.38
45.337,0xC0,4.8012,8.6824,169.38
45.373,0xC0,4.8195,8.6617,171.94
45.377,0xC0,4.8234,8.6528,171.94
45.381,0xC0,4.8259,8.6436,171.94
45.385,0xC0,4.8279,8.6347,171.94
45.422,0xC0,4.8449,8.6064,171.94
45.425,0xC0,4.8463,8.5944,171.94
45.43,0xC0,4.8466,8.5825,171.94
45.433,0xC0,4.846,8.5719,171.94
45.468,0xC0,4.8609,8.5411,171.94
45.601,0xC0,4.9125,8.452,179.12
45.607,0xC0,4.9098,8.4446,179.12
45.613,0xC0,4.9072,8.4388,179.12
45.618,0xC0,4.8956,8.4329,179.12
45.625,0xC0,4.8848,8.4272,179.12
45.634,0xC0,4.8735,8.4127,179.12
45.641,0xC0,4.877,8.3936,179.12
45.704,0xC0,4.911,8.3361,182.06
45.711,0xC0,4.9259,8.3248,182.06
45.719,0xC0,4.9402,8.3121,182.06
45.723,0xC0,4.9464,8.3251,182.06
45.807,0xC0,4.9865,8.2973,184.81
45.812,0xC0,4.9974,8.3142,184.81
45.817,0xC0,4.9,8.3253,184.81
45.82,0xC0,4.9,8.3327,184.81
45.825,0xC0,4.9,8.3388,184.81
45.828,0xC0,4.9,8.3443,184.81
45.833,0xC0,4.9,8.3476,184.81
45.836,0xC0,4.9,8.3536,184.81
45.909,0xC0,4.9,8.3338,186.62
45.917,0xC0,4.9,8.3416,186.62
45.924,0xC0,4.9,8.3474,186.62
45.93,0xC0,4.9,8.3559,186.62
45.934,0xC0,4.9,8.3629,186.62
45.937,0xC0,4.9,8.3702,186.62
45.942,0xC0,4.9,8.3776,186.62
46.01,0xC0,4.9,8.3712,189.25
46.014,0xC0,4.9,8.3792,189.25
46.018,0xC0,4.9,8.3871,189.25
46.023,0xC0,4.9,8.3896,189.25
46.03,0xC0,4.9,8.3897,189.25
46.035,0xC0,4.9,8.3884,189.25
46.042,0xC0,4.9,8.3866,189.25
46.061,0xC0,4.9,8.3808,190.62
46.065,0xC0,4.9,8.3787,190.62
46.069,0xC0,4.9876,8.3713,190.62
46.107,0xC0,4.9751,8.3504,191.75
46.109,0xC0,4.966,8.3365,191.75
46.112,0xC0,4.9608,8.322,191.75
46.152,0xC0,4.9584,8.2906,193.0
46.155,0xC0,4.9626,8.2746,193.0
46.22,0xC0,4.9717,8.2272,195.12
46.266,0xC0,4.9808,8.1893,195.12
46.272,0xC0,4.984,8.1664,195.12
46.278,0xC0,4.9869,8.1442,195.12
46.284,0xC0,4.9898,8.1245,195.12
46.291,0xC0,4.9927,8.106,195.12
46.296,0xC0,4.9954,8.09,195.12
46.314,0xC0,4.9987,8.0681,195.62
46.32,0xC0,4.9,8.0545,195.62
46.419,0xC0,4.9,7.9749,196.06
46.422,0xC0,4.9,7.9719,196.06
46.427,0xC0,4.9,7.9687,196.06
46.43,0xC0,4.9,7.9654,196.06
46.437,0xC0,4.9,7.9625,196.31
46.441,0xC0,4.9,7.9632,196.56
46.445,0xC0,4.9,7.9642,196.56
46.465,0xC0,4.9,7.9544,196.56
46.467,0xC0,4.9,7.9586,196.56
46.47,0xC0,4.9,7.9638,196.56
46.473,0xC0,4.9,7.9678,196.56
46.511,0xC0,4.9,7.9465,196.56
46.514,0xC0,4.9,7.9493,196.56
46.519,0xC0,4.9,7.9518,196.56
46.559,0xC0,4.9,7.9313,196.69
46.562,0xC0,4.9,7.9346,196.69
46.615,0xC0,4.9,7.9187,196.25
46.621,0xC0,4.9,7.9271,196.25
46.629,0xC0,4.9,7.9349,196.25
46.632,0xC0,4.9,7.9391,196.25
46.636,0xC0,4.9,7.9409,196.25
46.64,0xC0,4.9,7.9428,196.25
46.729,0xC0,4.9,7.9029,196.25
46.732,0xC0,4.9,7.9022,196.25
46.738,0xC0,4.9,7.8997,196.25
46.741,0xC0,4.9907,7.8979,196.25
46.747,0xC0,4.9798,7.8953,196.25
46.749,0xC0,4.9712,7.8923,196.25
46.757,0xC0,4.9665,7.879,196.25
46.779,0xC0,4.9583,7.8508,196.25
46.783,0xC0,4.9524,7.8323,196.25
46.793,0xC0,4.9469,7.8146,196.25
46.937,0xC0,4.9126,7.7068,192.12
46.944,0xC0,4.8984,7.6912,192.12
46.95,0xC0,4.887,7.6751,192.12
46.953,0xC0,4.8783,7.6616,192.12
46.981,0xC0,4.8772,7.6256,191.75
46.985,0xC0,4.8881,7.6054,191.75
47.04,0xC0,4.8926,7.5397,191.88
47.137,0xC0,4.9009,7.4453,192.19
47.19,0xC0,4.9221,7.3956,192.38
47.197,0xC0,4.942,7.3919,192.38
47.204,0xC0,4.9572,7.3865,192.38
47.209,0xC0,4.969,7.3836,192.38
47.217,0xC0,4.9654,7.388,192.38
47.221,0xC0,4.9609,7.3864,192.38
47.342,0xC0,4.9593,7.3003,193.5
47.345,0xC0,4.9583,7.3066,193.5
47.351,0xC0,4.959,7.3051,193.5
47.354,0xC0,4.9601,7.3012,193.5
47.359,0xC0,4.9572,7.2935,193.5
47.363,0xC0,4.9531,7.2866,193.5
47.369,0xC0,4.951,7.2633,193.5
47.372,0xC0,4.9534,7.2361,193.5
47.377,0xC0,4.957,7.2075,193.5
47.38,0xC0,4.9606,7.1832,193.5
47.385,0xC0,4.962,7.1582,193.5
47.388,0xC0,4.9655,7.1343,193.5
47.394,0xC0,4.9665,7.1123,193.5
47.397,0xC0,4.965,7.0937,193.5
47.544,0xC0,4.959,6.9048,193.5
47.55,0xC0,4.9553,6.8933,193.5
47.557,0xC0,4.9525,6.8819,193.5
47.564,0xC0,4.9501,6.8705,193.5
47.572,0xC0,4.948,6.8585,193.5
47.596,0xC0,4.9385,6.8181,194.94
47.598,0xC0,4.9232,6.8109,194.94
47.602,0xC0,4.9117,6.8058,194.94
47.752,0xC0,4.8668,6.6367,195.0
47.759,0xC0,4.8145,6.6145,195.0
47.768,0xC0,4.7707,6.5825,195.0
47.777,0xC0,4.7379,6.5612,195.0
47.784,0xC0,4.7219,6.5352,195.0
47.791,0xC0,4.711,6.5192,195.0
47.799,0xC0,4.6985,6.4984,195.0
47.802,0xC0,4.6908,6.4859,195.0
47.809,0xC0,4.6891,6.4668,195.0
47.814,0xC0,4.6886,6.4527,195.0
47.844,0xC0,4.682,6.41,195.0
47.849,0xC0,4.6919,6.4068,195.0
47.856,0xC0,4.6995,6.4008,195.0
47.861,0xC0,4.7111,6.3958,195.0
47.893,0xC0,4.7148,6.3549,195.0
47.897,0xC0,4.7303,6.3514,195.0
47.903,0xC0,4.7481,6.344,195.0
47.908,0xC0,4.7652,6.3334,195.0
47.943,0xC0,4.7775,6.2863,192.69
47.948,0xC0,4.7965,6.2821,192.69
48.061,0xC0,4.8171,6.1472,189.81
48.066,0xC0,4.849,6.1551,189.81
48.072,0xC0,4.8763,6.163,189.81
48.076,0xC0,4.9094,6.196,189.81
48.157,0xC0,4.9793,6.1583,189.56
48.163,0xC0,4.9,6.188,189.56
48.169,0xC0,4.9,6.2089,189.56
48.176,0xC0,4.9,6.2263,189.56
48.184,0xC0,4.9,6.2388,189.56
48.189,0xC0,4.9,6.2368,189.56
48.197,0xC0,4.9,6.2309,189.56
48.205,0xC0,4.9,6.222,188.88
48.26,0xC0,4.9,6.1811,188.44
48.266,0xC0,4.9,6.1781,188.44
48.273,0xC0,4.9,6.1741,188.44
48.371,0xC0,4.9,6.116,188.44
48.376,0xC0,4.9,6.1159,188.44
48.382,0xC0,4.9,6.1183,188.44
48.385,0xC0,4.9,6.1055,188.44
48.39,0xC0,4.9,6.0899,188.44
48.393,0xC0,4.9,6.0774,188.44
48.415,0xC0,4.9,6.052,188.44
48.422,0xC0,4.9,6.0381,188.44
48.424,0xC0,4.9,6.0221,188.44
48.426,0xC0,4.9,6.004,188.44
48.566,0xC0,4.9,5.8669,189.44
48.569,0xC0,4.9,5.8556,189.44
48.575,0xC0,4.9,5.8436,189.44
48.58,0xC0,4.9,5.8328,189.44
48.584,0xC0,4.9,5.818,189.44
48.614,0xC0,4.9,5.7741,189.81
48.618,0xC0,4.9,5.7515,189.81
48.669,0xC0,4.9,5.6784,190.12
48.674,0xC0,4.9,5.6619,190.12
48.679,0xC0,4.9,5.6503,190.12
48.685,0xC0,4.9,5.6443,190.12
48.693,0xC0,4.9,5.6346,190.12
48.698,0xC0,4.9,5.6275,190.12
48.772,0xC0,4.9,5.5483,191.19
48.778,0xC0,4.9,5.5577,191.19
48.785,0xC0,4.9,5.5671,191.19
48.791,0xC0,4.9,5.5759,191.19
48.817,0xC0,4.9,5.5679,191.19
48.821,0xC0,4.9,5.5774,191.19
48.826,0xC0,4.9,5.5878,191.19
48.831,0xC0,4.9,5.5956,191.19
48.863,0xC0,4.9,5.5756,191.31
48.866,0xC0,4.9,5.5778,191.31
48.91,0xC0,4.9,5.5501,191.31
48.914,0xC0,4.9,5.5524,191.31
48.92,0xC0,4.9,5.549,191.31
48.923,0xC0,4.9,5.5434,191.31
48.928,0xC0,4.9,5.5351,191.31
48.963,0xC0,4.9,5.5019,191.31
48.971,0xC0,4.9,5.4942,191.31
48.978,0xC0,4.9,5.4796,191.31
49.097,0xC0,4.9,5.3722,189.88
49.102,0xC0,4.9,5.3608,189.88
49.107,0xC0,4.9,5.3528,189.88
49.112,0xC0,4.9,5.3481,189.88
49.119,0xC0,4.9,5.335,189.88
49.125,0xC0,4.9,5.3238,189.88
49.132,0xC0,4.9,5.3122,189.88
49.136,0xC0,4.9,5.3031,189.88
49.143,0xC0,4.9,5.2921,189.88
49.15,0xC0,4.9,5.2831,188.69
49.157,0xC0,4.9,5.2745,188.69
49.163,0xC0,4.9,5.2651,188.69
49.202,0xC0,4.9,5.2284,187.5
49.208,0xC0,4.9,5.2207,187.5
49.215,0xC0,4.9,5.2145,187.5
49.221,0xC0,4.9,5.2095,187.5
49.243,0xC0,4.9,5.1902,186.69
49.249,0xC0,4.9,5.1877,186.69
49.255,0xC0,4.9,5.1855,186.69
49.29,0xC0,4.9,5.1586,186.31
49.296,0xC0,4.9,5.1598,186.31
49.304,0xC0,4.9,5.1593,186.31
49.309,0xC0,4.9,5.1581,186.31
49.319,0xC0,4.9,5.1541,186.31
49.34,0xC0,4.9,5.1399,185.5
49.348,0xC0,4.9,5.1375,185.5
49.357,0xC0,4.9,5.1355,185.5
49.363,0xC0,4.9,5.1344,185.5
49.373,0xC0,4.9,5.1319,185.5
49.383,0xC0,4.9,5.1114,184.56
49.389,0xC0,4.9,5.0894,184.56
49.395,0xC0,4.9,5.0687,184.56
49.43,0xC0,4.9,5.0231,184.06
49.434,0xC0,4.9,5.0056,184.06
49.588,0xC0,4.9,4.8509,183.56
49.591,0xC0,4.9,4.8398,183.56
49.601,0xC0,4.9,4.8272,183.56
49.604,0xC0,4.9,4.8239,183.56
49.609,0xC0,4.9,4.835,183.56
49.612,0xC0,4.9,4.8491,183.56
49.617,0xC0,4.9,4.8588,183.56
49.62,0xC0,4.9,4.861,183.56
49.626,0xC0,4.9,4.8563,183.56
49.633,0xC0,4.9,4.8533,183.56
49.64,0xC0,4.9,4.8349,183.56
49.651,0xC0,4.9,4.813,183.56
49.697,0xC0,4.9,4.7563,184.31
49.701,0xC0,4.9,4.7364,184.31
49.756,0xC0,4.9,4.6751,184.81
49.902,0xC0,4.9,4.5064,185.62
49.906,0xC0,4.9,4.4894,185.62
49.913,0xC0,4.9,4.5538,185.62
49.918,0xC0,4.9,4.6364,185.62
49.925,0xC0,4.9,4.714,185.62
49.965,0xC0,4.9,4.7736,185.81
50.105,0xC0,4.9,4.8404,186.06
50.109,0xC0,4.9,4.919,186.06
50.118,0xC0,4.9,4.9835,186.06
50.125,0xC0,4.9,5.0341,186.06
50.136,0xC0,4.9,5.0792,186.06
50.142,0xC0,4.9,5.1166,186.06
50.153,0xC0,4.9,5.1526,186.12
50.159,0xC0,4.9,5.1815,186.12
50.165,0xC0,4.9,5.1389,186.12
50.17,0xC0,4.9,5.0623,186.12
50.176,0xC0,4.9,4.9874,186.12
50.198,0xC0,4.9,4.9253,186.12
50.204,0xC0,4.9,4.8639,186.12
50.211,0xC0,4.9,4.8088,186.12
50.217,0xC0,4.9,4.7589,186.12
50.245,0xC0,4.9,4.7028,185.69
50.294,0xC0,4.9,4.6353,185.31
50.3,0xC0,4.9,4.5933,185.31
50.34,0xC0,4.9,4.5299,185.0
50.387,0xC0,4.9,4.4611,185.0
50.393,0xC0,4.9,4.418,185.0
50.4,0xC0,4.9,4.3482,185.0
50.404,0xC0,4.9,4.2769,185.0
50.413,0xC0,4.9,4.2092,185.0
50.442,0xC0,4.9,4.1181,185.0
50.448,0xC0,4.9,4.0527,185.0
50.456,0xC0,4.9,4.0023,185.0
50.52,0xC0,4.9,3.8622,184.44
50.524,0xC0,4.9,3.8191,184.44
50.616,0xC0,4.9,3.6284,183.25
50.62,0xC0,4.9,3.6013,183.25
50.628,0xC0,4.9,3.5787,183.25
50.634,0xC0,4.9,3.5511,183.25
50.641,0xC0,4.9,3.5282,183.25
50.647,0xC0,4.9,3.4999,183.25
50.667,0xC0,4.9,3.4471,183.25
50.713,0xC0,4.9,3.3466,183.25
50.716,0xC0,4.9,3.3395,183.25
50.72,0xC0,4.9,3.3313,183.25
50.76,0xC0,4.9,3.2385,183.25
50.763,0xC0,4.9,3.2188,183.25
50.767,0xC0,4.9,3.1991,183.25
50.769,0xC0,4.9,3.2021,183.25
50.809,0xC0,4.9,3.1437,183.25
50.853,0xC0,4.9,3.0876,183.25
50.854,0xC0,4.9,3.117,183.25
50.857,0xC0,4.9,3.1365,183.25
50.861,0xC0,4.9,3.1437,183.25
50.916,0xC0,4.9,3.0657,185.56
50.964,0xC0,4.9,2.9951,186.0
50.967,0xC0,4.9,2.9974,186.0
51.02,0xC0,4.9,2.9211,186.0
51.026,0xC0,4.9,2.9263,186.0
51.031,0xC0,4.9,2.9292,186.0
51.129,0xC0,4.9,2.8162,186.0
51.134,0xC0,4.9,2.8433,186.0
51.14,0xC0,4.9,2.8613,186.0
51.142,0xC0,4.9,2.8887,186.0
51.227,0xC0,4.9,2.844,186.0
51.23,0xC0,4.9,2.8955,186.0
51.234,0xC0,4.9,2.9187,186.0
51.331,0xC0,4.9,2.8428,186.0
51.332,0xC0,4.9,2.8516,186.0
51.336,0xC0,4.9,2.8568,186.0
51.339,0xC0,4.9,2.8597,186.0
51.347,0xC0,4.9,2.8595,186.0
51.352,0xC0,4.9,2.8585,186.0
51.358,0xC0,4.9,2.8566,186.0
51.361,0xC0,4.9,2.857,186.0
51.388,0xC0,4.9,2.8436,185.81
51.394,0xC0,4.9,2.8426,185.81
51.401,0xC0,4.9,2.8418,185.81
51.408,0xC0,4.9,2.8417,185.81
51.414,0xC0,4.9,2.8328,185.81
51.419,0xC0,4.9,2.8256,185.81
51.427,0xC0,4.9,2.8187,185.81
51.535,0xC0,4.9,2.7434,183.19
51.538,0xC0,4.9,2.7465,183.19
51.542,0xC0,4.9,2.7495,183.19
51.545,0xC0,4.9,2.7448,183.19
51.587,0xC0,4.9,2.7182,183.06
51.636,0xC0,4.9,2.6656,183.06
51.727,0xC0,4.9,2.5808,183.12
51.791,0xC0,4.9,2.4974,183.12
51.844,0xC0,4.9,2.4347,183.12
51.848,0xC0,4.9,2.3974,183.12
51.851,0xC0,4.9,2.3809,183.12
51.853,0xC0,4.9,2.3763,183.12
51.943,0xC0,4.9,2.3006,183.81
51.946,0xC0,4.9,2.3098,183.81
51.949,0xC0,4.9,2.3188,183.81
51.952,0xC0,4.9,2.319,183.81
51.957,0xC0,4.9,2.3059,183.81
51.961,0xC0,4.9,2.2936,183.81
51.966,0xC0,4.9,2.282,183.81
51.968,0xC0,4.9,2.2723,183.81
51.97,0xC0,4.9,2.2665,183.81
51.974,0xC0,4.9,2.2626,183.81
51.978,0xC0,4.9,2.2568,183.81
51.996,0xC0,4.9,2.2368,184.88
52.081,0xC0,4.9,2.1584,186.56
52.254,0xC0,4.9,2.0319,189.88
52.257,0xC0,4.9,2.0623,189.88
52.262,0xC0,4.9,2.0884,189.88
52.265,0xC0,4.9,2.1092,189.88
52.353,0xC0,4.9,2.0905,190.69
52.357,0xC0,4.9,2.1145,190.69
52.458,0xC0,4.9,2.1084,191.38
52.461,0xC0,4.9,2.0891,191.38
52.464,0xC0,4.9,2.0762,191.38
52.468,0xC0,4.9,2.0336,191.38
52.509,0xC0,4.9,1.9475,191.94
52.512,0xC0,4.9,1.9001,191.94
52.518,0xC0,4.9,1.8513,191.94
52.525,0xC0,4.9,1.8034,191.94
52.658,0xC0,4.9,1.6378,193.62
52.66,0xC0,4.9,1.6253,193.62
52.662,0xC0,4.9,1.6162,193.62
52.665,0xC0,4.9,1.6121,193.62
52.667,0xC0,4.9,1.6081,193.62
52.669,0xC0,4.9,1.6097,193.62
52.672,0xC0,4.9,1.6079,193.62
52.758,0xC0,4.9,1.4861,193.81
53.026,0xC0,4.9,1.1567,192.81
53.071,0xC0,4.9271,1.0922,193.12
53.074,0xC0,4.8836,1.0478,193.12
53.119,0xC0,4.8453,0.9626,193.44
53.121,0xC0,4.8503,0.93,193.44
53.185,0xC0,4.82,0.8318,193.69
53.273,0xC0,4.7756,0.7082,196.0
53.277,0xC0,4.7936,0.7162,196.0
53.283,0xC0,4.805,0.7208,196.0
53.417,0xC0,4.7406,0.6144,201.94
53.483,0xC0,4.6647,0.598,205.56
53.533,0xC0,4.5736,0.604,206.38
53.588,0xC0,4.5298,0.624,208.31
53.682,0xC0,4.4728,0.626,208.12
53.685,0xC0,4.4852,0.664,208.12
53.692,0xC0,4.503,0.6677,208.12
53.696,0xC0,4.5161,0.6708,208.12
53.7,0xC0,4.5292,0.6697,208.12
53.702,0xC0,4.5416,0.6434,208.12
53.786,0xC0,4.5104,0.5763,208.12
53.91,0xC0,4.5163,0.4972,206.75
53.962,0xC0,4.5598,0.473,206.75
54.01,0xC0,4.6075,0.4718,206.75
54.015,0xC0,4.651,0.4909,206.75
54.023,0xC0,4.686,0.4984,206.75
54.057,0xC0,4.7171,0.4937,206.75
54.061,0xC0,4.7401,0.5011,206.75
54.064,0xC0,4.7614,0.5073,206.75
54.068,0xC0,4.7803,0.5128,206.75
54.104,0xC0,4.8059,0.5055,206.75
54.109,0xC0,4.8206,0.5047,206.75
54.114,0xC0,4.8334,0.5036,206.75
54.12,0xC0,4.8372,0.4962,206.75
54.153,0xC0,4.8487,0.476,206.75
54.197,0xC0,4.8603,0.4442,204.5
54.199,0xC0,4.8579,0.4334,204.5
54.204,0xC0,4.8567,0.4229,204.5
54.206,0xC0,4.8556,0.4141,204.5
54.211,0xC0,4.8549,0.4059,204.5
54.246,0xC0,4.8624,0.3834,204.69
54.249,0xC0,4.8592,0.3799,204.69
54.253,0xC0,4.8544,0.3766,204.69
54.299,0xC0,4.8596,0.3526,205.56
54.302,0xC0,4.854,0.3515,205.56
54.4,0xC0,4.8663,0.306,205.56
54.403,0xC0,4.855,0.3077,205.56
54.5,0xC0,4.8533,0.2694,211.81
54.502,0xC0,4.8071,0.2653,211.81
54.506,0xC0,4.7927,0.2605,211.81
54.509,0xC0,4.7892,0.2555,211.81
54.547,0xC0,4.7895,0.2365,215.06
54.55,0xC0,4.7902,0.2328,215.06
54.554,0xC0,4.7933,0.228,215.06
54.558,0xC0,4.7978,0.2212,215.06
54.598,0xC0,4.8024,0.1974,215.06
54.601,0xC0,4.8059,0.1934,215.06
54.606,0xC0,4.8088,0.1903,215.06
54.611,0xC0,4.8114,0.1871,215.06
54.707,0xC0,4.8186,0.1389,215.06
54.71,0xC0,4.8225,0.1388,215.06
54.714,0xC0,4.8267,0.1382,215.06
54.718,0xC0,4.8185,0.1258,215.06
54.722,0xC0,4.8111,0.1145,215.06
54.725,0xC0,4.8013,0.1021,215.06
54.727,0xC0,4.794,0.0889,215.06
54.73,0xC0,4.7846,0.0836,215.06
54.733,0xC0,4.7752,0.0804,215.06
54.735,0xC0,4.7667,0.079,215.06
54.762,0xC0,4.7566,0.0651,215.06
54.912,0xC0,4.7264,0.1,246.19
54.917,0xC0,4.7142,0.0048,246.19
54.921,0xC0,4.7123,0.1,246.19
54.924,0xC0,4.7107,0.1,246.19
54.929,0xC0,4.7114,0.1,246.19
54.961,0xC0,4.7089,0.1,250.19
55.01,0xC0,4.7332,0.1,254.75
55.012,0xC0,4.7618,0.1,254.75
55.057,0xC0,4.7931,0.1,259.44
55.062,0xC0,4.8187,0.1,259.44
55.066,0xC0,4.8424,0.1,259.44
55.103,0xC0,4.8717,0.1,259.44
55.182,0xC0,4.8886,0.1,269.06
55.231,0xC0,4.893,0.1,271.0
55.234,0xC0,4.8614,0.1,271.0
55.356,0xC0,4.8338,0.1,275.5
55.53,0xC0,4.7674,0.1,278.12
55.532,0xC0,4.7167,0.1,278.12
55.535,0xC0,4.6838,0.1,278.12
55.537,0xC0,4.6613,0.1,278.12
55.542,0xC0,4.6445,0.1,278.12
55.545,0xC0,4.6413,0.1,278.12
55.549,0xC0,4.6421,0.1,278.12
55.555,0xC0,4.6447,0.1,278.88
55.56,0xC0,4.6585,0.1,278.88
55.566,0xC0,4.6732,0.1,278.88
55.57,0xC0,4.6867,0.1,278.88
55.577,0xC0,4.6988,0.1,278.88
55.683,0xC0,4.6901,0.1,282.25
55.923,0xC0,4.6674,0.1,285.38
56.036,0xC0,4.5606,0.1,286.19
56.041,0xC0,4.5048,0.1,286.19
56.139,0xC0,4.4206,0.1,288.0
56.142,0xC0,4.391,0.1,288.0
56.391,0xC0,4.257,0.1,288.38
56.55,0xC0,4.0463,0.1,287.19
56.553,0xC0,3.9453,0.1,287.19
56.558,0xC0,3.858,0.1,287.19
56.653,0xC0,3.6662,0.1,287.81
56.656,0xC0,3.584,0.1,287.81
56.661,0xC0,3.5165,0.1,287.81
56.664,0xC0,3.4583,0.1,287.81
56.672,0xC0,3.3308,0.1,287.81
56.675,0xC0,3.2515,0.1,287.81
56.679,0xC0,3.1853,0.1,287.81
56.682,0xC0,3.1508,0.1,287.81
56.686,0xC0,3.1219,0.1,287.81
56.703,0xC0,3.077,0.1,287.56
56.708,0xC0,3.0629,0.1,287.56
56.77,0xC0,2.9549,0.1,287.56
56.817,0xC0,2.8961,0.1,287.56
56.863,0xC0,2.848,0.1,287.56
57.121,0xC0,2.6091,0.1,292.38
57.176,0xC0,2.7492,0.1,293.56
57.179,0xC0,2.8589,0.1,293.56
57.185,0xC0,2.9216,0.1,293.56
57.19,0xC0,2.9686,0.1,293.56
57.224,0xC0,2.9963,0.1,294.5
57.227,0xC0,3.0302,0.1,294.5
57.233,0xC0,3.0565,0.1,294.5
57.371,0xC0,3.0531,0.1,297.5
57.374,0xC0,3.0849,0.1,297.5
57.379,0xC0,3.1102,0.1,297.5
57.381,0xC0,3.1329,0.1,297.5
57.384,0xC0,3.1538,0.1,297.5
57.387,0xC0,3.1761,0.1,297.5
57.391,0xC0,3.1859,0.1,297.5
57.422,0xC0,3.2095,0.1,295.56
57.427,0xC0,3.2357,0.1,295.56
57.442,0xC0,3.2598,0.1,295.56
57.446,0xC0,3.2814,0.1,295.56
57.572,0xC0,3.3309,0.1,295.56
57.575,0xC0,3.3646,0.1,295.56
57.578,0xC0,3.3988,0.1,295.56
57.581,0xC0,3.4281,0.1,295.56
57.584,0xC0,3.4394,0.1,295.56
57.587,0xC0,3.4345,0.1,295.56
57.673,0xC0,3.4605,0.1,295.56
57.676,0xC0,3.4529,0.1,295.56
57.685,0xC0,3.4504,0.1,295.56
57.69,0xC0,3.4491,0.1,295.56
57.698,0xC0,3.4477,0.1,295.56
57.703,0xC0,3.4461,0.1,295.56
57.78,0xC0,3.4616,0.1,281.06
57.785,0xC0,3.4446,0.1,281.06
57.792,0xC0,3.4265,0.1,281.06
57.798,0xC0,3.4102,0.1,281.06
57.827,0xC0,3.4542,0.1,281.06
57.831,0xC0,3.5202,0.1,281.06
57.835,0xC0,3.5794,0.1,281.06
57.878,0xC0,3.6579,0.1,281.06
57.881,0xC0,3.7032,0.1,281.06
57.886,0xC0,3.737,0.1,281.06
57.891,0xC0,3.7273,0.1,281.06
57.984,0xC0,3.791,0.1,281.06
57.988,0xC0,3.7933,0.1,281.06
57.996,0xC0,3.8002,0.1,281.06
58.0,0xC0,3.8075,0.1,281.06
58.007,0xC0,3.8138,0.1,281.06
58.013,0xC0,3.8196,0.1,281.06
58.019,0xC0,3.8249,0.1,281.06
58.025,0xC0,3.8347,0.1,281.06
58.032,0xC0,3.8482,0.1,281.06
58.04,0xC0,3.8578,0.1,281.06
58.046,0xC0,3.8682,0.1,281.06
58.053,0xC0,3.8777,0.1,281.06
58.061,0xC0,3.8854,0.1,281.06
58.066,0xC0,3.8943,0.1,281.06
58.198,0xC0,3.992,0.1,275.12
58.205,0xC0,3.9949,0.1,275.12
58.21,0xC0,3.9968,0.1,275.12
58.214,0xC0,3.9967,0.1,275.12
58.218,0xC0,4.0308,0.1,275.12
58.222,0xC0,4.0713,0.1,275.12
58.226,0xC0,4.1072,0.1,275.12
58.232,0xC0,4.138,0.1,275.12
58.239,0xC0,4.1569,0.1,275.12
58.245,0xC0,4.1724,0.1,275.12
58.251,0xC0,4.1878,0.1,275.12
58.256,0xC0,4.1948,0.1,275.12
58.265,0xC0,4.204,0.1,275.12
58.272,0xC0,4.2127,0.1,275.12
58.278,0xC0,4.2259,0.1,275.12
58.283,0xC0,4.2338,0.1,275.38
58.289,0xC0,4.2427,0.1,275.38
58.295,0xC0,4.2531,0.1,275.38
58.301,0xC0,4.2529,0.1,275.38
58.396,0xC0,4.3418,0.1,275.38
58.402,0xC0,4.3338,0.1,275.19
58.407,0xC0,4.3275,0.1,274.88
58.411,0xC0,4.3239,0.1,274.75
58.417,0xC0,4.3207,0.1,274.75
58.424,0xC0,4.3186,0.1,274.75
58.429,0xC0,4.3153,0.1,274.75
58.437,0xC0,4.315,0.1,274.75
58.442,0xC0,4.3131,0.1,274.75
58.45,0xC0,4.3113,0.1,274.56
58.456,0xC0,4.3107,0.1,274.56
58.464,0xC0,4.3089,0.1,274.56
58.469,0xC0,4.308,0.1,274.56
58.547,0xC0,4.3475,0.1,274.56
58.858,0xC0,4.4742,0.1,274.31
58.906,0xC0,4.4704,0.1,274.31
58.91,0xC0,4.4784,0.1,274.31
58.961,0xC0,4.5414,0.1,274.31
58.967,0xC0,4.5825,0.1,274.31
59.109,0xC0,4.6891,0.1,278.0
59.114,0xC0,4.6798,0.1,278.0
59.121,0xC0,4.6573,0.1,278.0
59.452,0xC0,4.8681,0.1,311.94
59.503,0xC0,4.9316,0.1,320.12
59.508,0xC0,4.9466,0.1,320.12
59.518,0xC0,4.9073,0.1,320.12
59.551,0xC0,4.8921,0.1,328.06
59.554,0xC0,4.87,0.1,328.06
59.562,0xC0,4.8542,0.1,328.06
59.567,0xC0,4.8424,0.1,328.06
59.727,0xC0,4.8777,0.1,345.94
59.734,0xC0,4.8546,0.1,345.94
59.996,0xC0,4.8561,0.1,7.44
60.133,0xC0,4.8169,0.1,15.31
60.14,0xC0,4.7073,0.1,15.31
60.147,0xC0,4.6346,0.1,15.31
60.153,0xC0,4.5836,0.1,15.31
60.16,0xC0,4.5416,0.1,15.31
60.244,0xC0,4.4724,0.1,14.12
60.255,0xC0,4.4653,0.1,15.25
60.259,0xC0,4.4799,0.1,15.25
60.301,0xC0,4.4768,0.1,20.56
60.35,0xC0,4.4744,0.1,20.56
60.353,0xC0,4.4875,0.1,20.56
60.359,0xC0,4.4962,0.1,20.56
60.393,0xC0,4.4929,0.1,20.69
60.441,0xC0,4.4875,0.1,21.56
60.449,0xC0,4.487,0.1,21.56
60.455,0xC0,4.4863,0.1,21.56
60.491,0xC0,4.477,0.1,23.31
60.498,0xC0,4.473,0.1,23.31
60.508,0xC0,4.4778,0.1,23.31
60.513,0xC0,4.4928,0.1,23.31
60.518,0xC0,4.5093,0.1,23.31
60.526,0xC0,4.5128,0.1,23.31
60.541,0xC0,4.519,0.1,24.75
60.545,0xC0,4.5309,0.1,24.75
60.647,0xC0,4.5307,0.1,26.75
60.653,0xC0,4.5304,0.1,26.75
60.66,0xC0,4.5002,0.1,26.75
60.665,0xC0,3.6615,0.1,26.75
60.673,0xC0,3.1936,0.1,26.75
60.677,0xC0,2.8934,0.1,26.75
60.745,0xC0,2.4402,0.1,26.75
60.751,0xC0,2.238,0.1,26.75
60.756,0xC0,2.0691,0.1,26.75
60.76,0xC0,1.921,0.1,26.75
60.766,0xC0,1.7886,0.1,26.75
60.772,0xC0,1.6705,0.1,26.75
60.777,0xC0,1.5509,0.1,26.75
60.781,0xC0,1.4515,0.1,26.75
60.786,0xC0,1.3548,0.1,26.75
60.848,0xC0,0.9505,0.1,26.75
60.853,0xC0,0.8734,0.1,26.75
60.859,0xC0,0.8022,0.1,26.75
60.862,0xC0,0.7475,0.1,26.75
61.078,0xC0,0.1,0.1,29.56
61.206,0xC0,0.1,0.1662,27.75
61.212,0xC0,0.1,0.1985,27.75
61.258,0xC0,0.1,0.3075,27.5
61.264,0xC0,0.1,0.3244,27.5
61.271,0xC0,0.1,0.3447,27.5
61.277,0xC0,0.1,0.3568,27.5
61.36,0xC0,0.1,0.5539,27.5
61.366,0xC0,0.1,0.535,27.5
61.371,0xC0,0.1,0.5177,27.5
61.374,0xC0,0.1,0.4972,27.5
61.38,0xC0,0.1,0.4848,27.5
61.386,0xC0,0.1,0.4749,27.5
61.393,0xC0,0.1,0.471,27.5
61.398,0xC0,0.1,0.4633,27.5
61.406,0xC0,0.1,0.4631,27.5
61.41,0xC0,0.1,0.4612,27.5
61.416,0xC0,0.1,0.4706,27.5
61.42,0xC0,0.1,0.4838,27.5
61.425,0xC0,0.1,0.4976,27.5
61.43,0xC0,0.1,0.506,27.5
61.438,0xC0,0.1,0.5256,27.5
61.458,0xC0,0.1,0.5711,27.5
61.464,0xC0,0.1,0.5813,27.5
61.471,0xC0,0.1,0.5947,27.5
61.477,0xC0,0.1,0.6059,27.5
61.505,0xC0,0.1,0.6637,27.56
61.559,0xC0,0.1,0.7877,28.06
61.568,0xC0,0.1,0.8062,28.06
61.576,0xC0,0.1,0.8293,28.06
61.581,0xC0,0.1,0.8278,28.06
61.587,0xC0,0.1,0.8177,28.06
61.602,0xC0,0.1,0.8265,28.06
61.775,0xC0,0.1,1.1013,28.5
61.782,0xC0,0.1,1.0264,28.5
61.787,0xC0,0.1,0.9622,28.5
61.792,0xC0,0.1,0.9046,28.5
61.8,0xC0,0.1,0.8612,28.5
61.806,0xC0,0.1,0.8242,28.5
61.816,0xC0,0.1,0.7922,28.5
61.823,0xC0,0.1,0.7668,28.5
61.831,0xC0,0.1,0.7428,28.5
61.836,0xC0,0.1,0.724,28.5
61.844,0xC0,0.1,0.7121,28.5
61.848,0xC0,0.1,0.6976,28.5
61.875,0xC0,0.1,0.6945,28.5
61.884,0xC0,0.1,0.6809,28.5
61.892,0xC0,0.1,0.6692,28.5
61.9,0xC0,0.1,0.6831,28.5
61.909,0xC0,0.1,0.7067,28.5
61.975,0xC0,0.1,0.7687,33.88
61.98,0xC0,0.1,0.7947,33.88
61.988,0xC0,0.1,0.8195,33.88
61.992,0xC0,0.1,0.8401,33.88
62.0,0xC0,0.1,0.8677,33.88
62.006,0xC0,0.1,0.8997,33.88
62.028,0xC0,0.1,0.9515,34.31
62.183,0xC0,0.1,1.1525,35.94
62.189,0xC0,0.1,1.1814,35.94
62.195,0xC0,0.1,1.206,35.94
62.2,0xC0,0.1,1.2232,35.94
62.207,0xC0,0.1,1.2415,35.94
62.213,0xC0,0.1,1.2567,35.94
62.216,0xC0,0.1,1.2639,35.94
62.237,0xC0,0.1,1.2922,35.69
62.29,0xC0,0.1,1.3498,35.31
62.296,0xC0,0.1,1.3481,35.31
62.302,0xC0,0.1,1.347,35.31
62.34,0xC0,0.1,1.3776,35.44
62.346,0xC0,0.1,1.3756,35.44
62.384,0xC0,0.1,1.4003,34.56
62.39,0xC0,0.1,1.4044,34.56
62.396,0xC0,0.1,1.4155,34.56
62.402,0xC0,0.1,1.4261,34.56
62.433,0xC0,0.1,1.4604,33.25
62.436,0xC0,0.1,1.4648,33.25
62.443,0xC0,0.1,1.4685,33.25
62.453,0xC0,0.1,1.4791,33.25
62.463,0xC0,0.1,1.4932,33.25
62.47,0xC0,0.1,1.5027,33.25
62.481,0xC0,0.1,1.5163,32.31
62.483,0xC0,0.1,1.5225,32.31
62.486,0xC0,0.1,1.5271,32.31
62.589,0xC0,0.1,1.6369,31.0
62.592,0xC0,0.1,1.6351,31.0
62.598,0xC0,0.1,1.6249,31.0
62.604,0xC0,0.1,1.6162,31.0
62.61,0xC0,0.1,1.61,31.0
62.616,0xC0,0.1,1.6029,31.0
62.623,0xC0,0.1,1.598,31.0
62.643,0xC0,0.1,1.602,30.94
62.654,0xC0,0.1,1.5942,30.94
62.661,0xC0,0.1,1.5917,30.94
62.791,0xC0,0.1,1.6612,30.75
62.794,0xC0,0.1,1.6348,30.75
62.798,0xC0,0.1,1.6144,30.75
62.802,0xC0,0.1,1.5974,30.75
62.805,0xC0,0.1,1.5837,30.75
62.808,0xC0,0.1,1.5825,30.75
62.812,0xC0,0.1,1.5838,30.75
62.814,0xC0,0.1,1.5861,30.75
62.818,0xC0,0.1,1.5885,30.75
62.819,0xC0,0.1,1.5912,30.75
62.823,0xC0,0.1,1.5937,30.75
62.843,0xC0,0.1,1.6028,31.0
62.846,0xC0,0.1,1.6052,31.0
62.848,0xC0,0.1,1.6107,31.0
62.89,0xC0,0.1,1.631,31.81
62.933,0xC0,0.1,1.6493,32.75
62.981,0xC0,0.1,1.6622,33.06
62.987,0xC0,0.1,1.6575,33.06
63.032,0xC0,0.1,1.6637,33.69
63.042,0xC0,0.0232,1.6573,33.69
63.05,0xC0,0.0453,1.6516,33.69
63.056,0xC0,0.0643,1.6461,33.69
63.063,0xC0,0.0831,1.6622,33.69
63.069,0xC0,0.101,1.6817,33.69
63.08,0xC0,0.1203,1.7035,34.38
63.086,0xC0,0.1255,1.7232,34.38
63.092,0xC0,0.1286,1.7439,34.38
63.096,0xC0,0.1292,1.7621,34.38
63.1,0xC0,0.1294,1.779,34.38
63.205,0xC0,0.175,1.8577,35.62
63.21,0xC0,0.1725,1.8715,35.62
63.217,0xC0,0.1709,1.8838,35.62
63.224,0xC0,0.1697,1.8937,35.62
63.231,0xC0,0.1695,1.9037,35.62
63.237,0xC0,0.1687,1.9118,35.62
63.244,0xC0,0.1683,1.9197,35.62
63.25,0xC0,0.1681,1.9288,35.62
63.257,0xC0,0.1686,1.9397,35.62
63.263,0xC0,0.169,1.9497,35.62
63.268,0xC0,0.163,1.96,35.62
63.273,0xC0,0.153,1.9663,35.62
63.31,0xC0,0.1526,1.9957,35.88
63.316,0xC0,0.1424,2.0014,35.88
63.323,0xC0,0.1331,2.0067,35.88
63.329,0xC0,0.1243,2.0117,36.06
63.335,0xC0,0.1143,2.0171,36.06
63.358,0xC0,0.1065,2.0401,36.06
63.363,0xC0,0.095,2.0488,36.06
63.369,0xC0,0.0844,2.0574,36.06
63.376,0xC0,0.0744,2.0646,36.44
63.382,0xC0,0.0652,2.0728,36.44
63.389,0xC0,0.0565,2.0808,36.44
63.409,0xC0,0.0486,2.0992,36.44
63.416,0xC0,0.0458,2.1091,36.44
63.424,0xC0,0.0449,2.1209,36.44
63.428,0xC0,0.0441,2.1304,36.44
63.512,0xC0,0.0467,2.2114,35.44
63.518,0xC0,0.048,2.2222,35.44
63.525,0xC0,0.0499,2.2336,35.44
63.53,0xC0,0.0517,2.2421,35.44
63.536,0xC0,0.0534,2.2513,35.44
63.542,0xC0,0.055,2.2597,35.44
63.548,0xC0,0.0565,2.2685,35.44
63.561,0xC0,0.0584,2.2823,35.44
63.564,0xC0,0.0597,2.287,35.44
63.567,0xC0,0.0499,2.289,35.44
63.57,0xC0,0.0341,2.2886,35.44
63.573,0xC0,0.0183,2.2871,35.44
63.61,0xC0,0.1,2.3194,33.94
63.616,0xC0,0.1,2.3249,33.94
63.623,0xC0,0.1,2.3331,33.94
63.723,0xC0,0.1,2.425,32.19
63.737,0xC0,0.1,2.4377,32.19
63.745,0xC0,0.1,2.4433,32.19
63.748,0xC0,0.1,2.4466,32.19
63.752,0xC0,0.1,2.4551,32.19
63.753,0xC0,0.1,2.4645,32.19
63.759,0xC0,0.1,2.4752,32.19
63.763,0xC0,0.1,2.4854,32.19
63.768,0xC0,0.1,2.4969,32.19
63.771,0xC0,0.1,2.505,32.19
63.779,0xC0,0.1,2.5156,32.19
63.782,0xC0,0.1,2.5248,32.19
63.823,0xC0,0.1,2.5676,29.19
63.826,0xC0,0.1,2.5732,29.19
63.829,0xC0,0.1,2.5765,29.19
63.833,0xC0,0.1,2.5796,29.19
63.838,0xC0,0.1,2.5832,29.19
63.841,0xC0,0.1,2.588,29.19
63.875,0xC0,0.1,2.6199,28.94
63.878,0xC0,0.1,2.6217,28.94
63.882,0xC0,0.1,2.6219,28.94
63.885,0xC0,0.1,2.622,28.94
63.89,0xC0,0.1,2.6233,28.94
63.924,0xC0,0.1,2.6592,28.81
63.927,0xC0,0.1,2.6648,28.81
63.932,0xC0,0.1,2.67,28.81
63.934,0xC0,0.1,2.6707,28.81
63.938,0xC0,0.1,2.6679,28.81
63.97,0xC0,0.1,2.6886,28.56
64.023,0xC0,0.1,2.7318,28.81
64.027,0xC0,0.1,2.7324,28.81
64.032,0xC0,0.1,2.7351,28.81
64.033,0xC0,0.1,2.7375,28.81
64.036,0xC0,0.1,2.74,28.81
64.038,0xC0,0.1,2.7409,28.81
64.041,0xC0,0.1,2.7429,28.81
64.123,0xC0,0.1,2.812,31.0
64.126,0xC0,0.1,2.8141,31.0
64.129,0xC0,0.1,2.8153,31.0
64.132,0xC0,0.1,2.816,31.0
64.173,0xC0,0.1,2.8482,31.62
64.176,0xC0,0.1,2.8464,31.62
64.179,0xC0,0.1,2.8598,31.62
64.183,0xC0,0.1,2.8727,31.62
64.187,0xC0,0.1,2.8869,31.62
64.226,0xC0,0.1,2.9346,31.62
64.227,0xC0,0.1,2.941,31.62
64.23,0xC0,0.1,2.9455,31.62
64.329,0xC0,0.1,3.0371,31.62
64.335,0xC0,0.1,3.0359,31.62
64.338,0xC0,0.1,3.0404,31.62
64.342,0xC0,0.1,3.0486,31.62
64.345,0xC0,0.1,3.057,31.62
64.381,0xC0,0.1,3.1008,31.62
64.384,0xC0,0.1,3.1117,31.62
64.389,0xC0,0.1,3.1217,31.62
64.391,0xC0,0.1,3.1338,31.62
64.396,0xC0,0.1,3.1456,31.62
64.399,0xC0,0.1,3.1557,31.62
64.431,0xC0,0.1,3.1942,31.62
64.438,0xC0,0.1,3.2115,31.62
64.443,0xC0,0.1,3.2268,31.62
64.446,0xC0,0.1,3.2383,31.62
64.474,0xC0,0.1,3.2757,36.12
64.48,0xC0,0.1,3.2868,36.12
64.485,0xC0,0.1,3.2983,36.12
64.489,0xC0,0.1,3.3041,36.12
64.525,0xC0,0.1,3.3496,36.5
64.527,0xC0,0.1,3.3541,36.5
64.531,0xC0,0.1,3.3626,36.5
64.534,0xC0,0.1,3.3705,36.5
64.635,0xC0,0.1,3.4959,36.5
64.64,0xC0,0.1,3.4988,36.5
64.648,0xC0,0.1,3.5014,36.5
64.653,0xC0,0.1,3.5045,36.5
64.658,0xC0,0.1,3.5084,36.5
64.66,0xC0,0.1,3.5076,36.5
64.678,0xC0,0.1,3.523,36.06
64.68,0xC0,0.1,3.5215,36.06
64.725,0xC0,0.1,3.5658,35.56
64.728,0xC0,0.1,3.5479,35.56
64.732,0xC0,0.1,3.5234,35.56
64.735,0xC0,0.1,3.5021,35.56
64.84,0xC0,0.1,3.5576,36.0
64.849,0xC0,0.1,3.5312,36.0
64.853,0xC0,0.1,3.5079,36.0
64.856,0xC0,0.1,3.4951,36.0
64.86,0xC0,0.1,3.4849,36.0
64.863,0xC0,0.1,3.4771,36.0
64.867,0xC0,0.1,3.4706,36.0
64.87,0xC0,0.1,3.4651,36.0
64.874,0xC0,0.1,3.4606,36.0
64.877,0xC0,0.1,3.4624,36.0
64.881,0xC0,0.1,3.4645,36.0
64.884,0xC0,0.1,3.4682,36.0
64.941,0xC0,0.1,3.4955,36.0
64.944,0xC0,0.1,3.4974,36.0
64.949,0xC0,0.1,3.4996,36.0
64.953,0xC0,0.1,3.5017,36.0
64.957,0xC0,0.1,3.5041,36.0
64.961,0xC0,0.1,3.5074,36.0
64.965,0xC0,0.1,3.5107,36.0
64.992,0xC0,0.1,3.5244,35.75
65.045,0xC0,0.1,3.55,36.0
65.05,0xC0,0.1,3.5519,36.0
65.147,0xC0,0.1,3.6077,36.38
65.149,0xC0,0.1,3.6294,36.38
65.152,0xC0,0.1,3.6427,36.38
65.155,0xC0,0.1,3.6632,36.38
65.16,0xC0,0.1,3.6818,36.38
65.164,0xC0,0.1,3.7,36.38
65.168,0xC0,0.1,3.7263,36.38
65.171,0xC0,0.1,3.7485,36.38
65.2,0xC0,0.1,3.791,36.38
65.203,0xC0,0.1,3.8138,36.38
65.207,0xC0,0.1,3.836,36.38
65.209,0xC0,0.1,3.8537,36.38
65.349,0xC0,0.1,3.9888,36.38
65.352,0xC0,0.1,3.9827,36.38
65.358,0xC0,0.1,3.9787,36.38
65.362,0xC0,0.1,3.9745,36.38
65.365,0xC0,0.1,3.9707,36.38
65.368,0xC0,0.1,3.9835,36.38
65.372,0xC0,0.1,3.9953,36.38
65.377,0xC0,0.1,4.0117,36.38
65.381,0xC0,0.1,4.0278,36.38
65.384,0xC0,0.1,4.0388,36.38
65.386,0xC0,0.1,4.0484,36.38
65.398,0xC0,0.1,4.0645,36.5
65.401,0xC0,0.1,4.0735,36.5
65.405,0xC0,0.1,4.0806,36.5
65.408,0xC0,0.1,4.0788,36.5
65.412,0xC0,0.1,4.0763,36.5
65.447,0xC0,0.1,4.1207,36.56
65.45,0xC0,0.1,4.1286,36.56
65.458,0xC0,0.1,4.1395,36.56
65.556,0xC0,0.1,4.2467,36.88
65.559,0xC0,0.1,4.2472,36.88
65.565,0xC0,0.1,4.2466,36.88
65.57,0xC0,0.1,4.246,36.88
65.574,0xC0,0.1,4.2447,36.88
65.605,0xC0,0.1,4.2666,36.75
65.609,0xC0,0.1,4.2632,36.75
65.613,0xC0,0.1,4.2666,36.75
65.653,0xC0,0.1,4.3028,36.5
65.656,0xC0,0.1,4.3071,36.5
65.662,0xC0,0.1,4.3161,36.5
65.665,0xC0,0.1,4.3233,36.5
65.766,0xC0,0.1,4.4152,36.5
65.772,0xC0,0.1,4.4184,36.5
65.779,0xC0,0.1,4.4252,36.5
65.786,0xC0,0.1,4.4295,36.5
65.793,0xC0,0.1,4.4369,36.5
65.799,0xC0,0.1,4.4213,36.5
65.807,0xC0,0.1,4.4123,36.5
65.813,0xC0,0.1,4.4017,36.5
65.821,0xC0,0.1,4.3935,36.5
65.864,0xC0,0.1,4.4091,34.69
65.868,0xC0,0.1,4.4341,34.69
65.873,0xC0,0.1,4.471,34.69
65.876,0xC0,0.1,4.5025,34.69
65.881,0xC0,0.1,4.533,34.69
65.886,0xC0,0.1,4.559,34.69
65.919,0xC0,0.1,4.6037,33.88
65.925,0xC0,0.1,4.6064,33.88
65.932,0xC0,0.1,4.6028,33.88
65.938,0xC0,0.1,4.5962,33.88
65.943,0xC0,0.1,4.6151,33.88
65.946,0xC0,0.1,4.6391,33.88
65.967,0xC0,0.1,4.6862,33.44
65.973,0xC0,0.1,4.7184,33.44
65.982,0xC0,0.1,4.7482,33.44
65.987,0xC0,0.1,4.7714,33.44
65.994,0xC0,0.1,4.7921,33.44
66.014,0xC0,0.1,4.8229,33.44
66.021,0xC0,0.1,4.8362,33.44
66.028,0xC0,0.1,4.8503,33.44
66.035,0xC0,0.1,4.8627,33.44
66.066,0xC0,0.1,4.9073,33.38
66.071,0xC0,0.1,4.9096,33.38
66.081,0xC0,0.1,4.9129,33.38
66.168,0xC0,0.1,5.0318,32.25
66.172,0xC0,0.1,5.0376,32.25
66.178,0xC0,0.1,5.0462,32.25
66.181,0xC0,0.1,5.052,32.25
66.187,0xC0,0.1,5.0622,32.25
66.193,0xC0,0.1,5.0757,32.25
66.201,0xC0,0.1,5.0909,32.25
66.207,0xC0,0.1,5.1097,32.25
66.214,0xC0,0.1,5.1229,32.25
66.219,0xC0,0.1,5.1376,32.25
66.228,0xC0,0.1,5.149,32.25
66.235,0xC0,0.1,5.1639,32.12
66.24,0xC0,0.1,5.1743,32.12
66.247,0xC0,0.1,5.1891,32.12
66.269,0xC0,0.1,5.2242,32.0
66.274,0xC0,0.1,5.2347,32.0
66.38,0xC0,0.1,5.3889,32.12
66.386,0xC0,0.1,5.4005,32.12
66.393,0xC0,0.1,5.4144,32.12
66.397,0xC0,0.1,5.4261,32.12
66.402,0xC0,0.1,5.4356,32.12
66.407,0xC0,0.1,5.4438,32.12
66.415,0xC0,0.1,5.4561,32.12
66.419,0xC0,0.1,5.463,32.12
66.476,0xC0,0.1,5.5363,32.12
66.479,0xC0,0.1,5.5297,32.12
66.485,0xC0,0.1,5.5365,32.12
66.491,0xC0,0.1,5.5502,32.12
66.498,0xC0,0.1,5.5686,32.12
66.542,0xC0,0.1,5.6235,32.12
66.554,0xC0,0.1,5.6539,32.12
66.561,0xC0,0.1,5.6739,32.12
66.567,0xC0,0.1,5.6888,32.12
66.573,0xC0,0.1,5.7026,32.12
66.579,0xC0,0.1,5.7154,32.12
66.685,0xC0,0.1,5.8658,33.69
66.691,0xC0,0.1,5.867,33.69
66.697,0xC0,0.1,5.8664,33.69
66.703,0xC0,0.1,5.8666,33.69
66.709,0xC0,0.1,5.8625,33.69
66.713,0xC0,0.1,5.8531,33.69
66.734,0xC0,0.1,5.8612,33.44
66.782,0xC0,0.1,5.8981,33.44
66.83,0xC0,0.1,5.9313,33.44
66.835,0xC0,0.1,5.9204,33.44
66.842,0xC0,0.1,5.9141,33.44
66.847,0xC0,0.1,5.906,33.44
66.879,0xC0,0.1,5.9253,33.44
66.885,0xC0,0.1,5.9224,33.44
66.892,0xC0,0.1,5.9253,33.44
66.989,0xC0,0.1,6.0117,33.44
66.997,0xC0,0.1,6.0094,33.44
67.004,0xC0,0.1,6.0102,33.44
67.01,0xC0,0.1,6.0127,33.44
67.017,0xC0,0.1,6.0288,33.44
67.023,0xC0,0.1,6.0464,33.44
67.093,0xC0,0.1,6.1459,32.12
67.098,0xC0,0.1,6.1826,32.12
67.106,0xC0,0.1,6.2137,32.12
67.111,0xC0,0.1,6.2411,32.12
67.118,0xC0,0.1,6.266,32.12
67.124,0xC0,0.1,6.285,32.12
67.131,0xC0,0.1,6.3106,32.12
67.137,0xC0,0.1,6.3317,32.12
67.146,0xC0,0.1,6.3589,31.25
67.152,0xC0,0.1,6.3788,31.25
67.16,0xC0,0.1,6.3982,31.25
67.166,0xC0,0.1,6.4155,31.25
67.193,0xC0,0.1,6.46,31.06
67.199,0xC0,0.1,6.479,31.06
67.207,0xC0,0.1,6.5018,31.06
67.212,0xC0,0.1,6.5188,31.06
67.295,0xC0,0.1,6.6469,31.06
67.3,0xC0,0.1,6.653,31.06
67.307,0xC0,0.1,6.6611,31.06
67.311,0xC0,0.1,6.6618,31.06
67.317,0xC0,0.1,6.6629,31.06
67.323,0xC0,0.1,6.6654,31.06
67.329,0xC0,0.1,6.6606,31.06
67.335,0xC0,0.1,6.6522,31.06
67.346,0xC0,0.1,6.6506,30.25
67.351,0xC0,0.1,6.6416,30.25
67.359,0xC0,0.1,6.635,30.25
67.366,0xC0,0.0084,6.6291,30.25
67.373,0xC0,0.0202,6.6229,30.25
67.394,0xC0,0.0453,6.6431,30.12
67.4,0xC0,0.0548,6.6487,30.12
67.44,0xC0,0.093,6.7019,30.5
67.445,0xC0,0.0929,6.7179,30.5
67.486,0xC0,0.1249,6.7724,30.5
67.492,0xC0,0.1225,6.7838,30.5
67.607,0xC0,0.2106,6.9132,31.31
67.612,0xC0,0.2236,6.9022,31.31
67.624,0xC0,0.306,6.9085,31.31
67.632,0xC0,0.6078,6.8491,31.31
67.64,0xC0,0.8735,6.8042,31.31
67.645,0xC0,1.0787,6.7587,31.31
67.649,0xC0,1.261,6.7188,31.31
67.706,0xC0,1.5952,6.6873,32.38
67.712,0xC0,1.7476,6.6372,32.38
67.719,0xC0,1.8771,6.5882,32.38
67.725,0xC0,1.9965,6.5438,32.38
67.732,0xC0,2.1103,6.5054,32.38
67.737,0xC0,2.2086,6.4762,32.38
67.744,0xC0,2.2976,6.4514,32.38
67.751,0xC0,2.3804,6.4311,32.38
67.758,0xC0,2.4685,6.4125,32.38
67.765,0xC0,2.5407,6.3965,32.38
67.77,0xC0,2.6158,6.3819,32.38
67.776,0xC0,2.6811,6.3743,32.38
67.783,0xC0,2.7525,6.3669,32.38
67.788,0xC0,2.8119,6.368,32.38
67.796,0xC0,2.8736,6.3715,32.38
67.801,0xC0,2.9441,6.3756,32.38
67.809,0xC0,3.0002,6.3813,32.38
67.815,0xC0,3.0546,6.3895,32.38
67.821,0xC0,3.1097,6.3979,32.38
67.827,0xC0,3.1591,6.4058,32.38
67.914,0xC0,3.6696,6.3898,32.38
67.923,0xC0,3.6874,6.4039,32.38
67.94,0xC0,3.7531,6.4143,32.38
67.951,0xC0,3.7923,6.4262,32.38
67.959,0xC0,3.8321,6.4415,32.38
67.963,0xC0,3.8369,6.4492,32.38
67.97,0xC0,3.8334,6.4538,32.38
67.975,0xC0,3.819,6.4582,32.38
68.012,0xC0,3.966,6.4604,33.69
68.019,0xC0,3.9534,6.4649,33.69
68.024,0xC0,3.9424,6.4672,33.69
68.029,0xC0,3.9202,6.4697,33.69
68.034,0xC0,3.8985,6.4733,33.69
68.115,0xC0,4.1886,6.4779,33.56
68.121,0xC0,4.1331,6.4826,33.56
68.129,0xC0,4.0898,6.4866,33.56
68.134,0xC0,4.0474,6.49,33.56
68.16,0xC0,4.0774,6.4948,33.31
68.165,0xC0,4.0328,6.4981,33.31
68.207,0xC0,4.0977,6.5053,33.31
68.211,0xC0,4.0461,6.5095,33.31
68.217,0xC0,3.9905,6.5162,33.31
68.319,0xC0,4.1865,6.5418,32.25
68.326,0xC0,4.0975,6.5514,32.25
68.332,0xC0,4.0261,6.5578,32.25
68.337,0xC0,3.9622,6.5709,32.25
68.344,0xC0,3.9059,6.5852,32.25
68.35,0xC0,3.8611,6.6021,32.25
68.366,0xC0,3.8396,6.6271,32.25
68.373,0xC0,3.8038,6.6468,32.25
68.379,0xC0,3.7731,6.665,32.25
68.384,0xC0,3.8368,6.7368,32.25
68.39,0xC0,3.9164,6.8209,32.25
68.393,0xC0,3.9793,6.8927,32.25
68.416,0xC0,4.0769,6.9794,32.25
68.42,0xC0,4.128,7.0371,32.25
68.522,0xC0,4.378,7.2365,32.25
68.525,0xC0,4.4089,7.2864,32.25
68.532,0xC0,4.4306,7.3262,32.25
68.538,0xC0,4.4469,7.3606,32.25
68.546,0xC0,4.4611,7.3903,32.25
68.568,0xC0,4.5064,7.4434,32.25
68.615,0xC0,4.5942,7.5326,32.25
68.62,0xC0,4.5877,7.5413,32.25
68.661,0xC0,4.6598,7.6142,32.25
68.707,0xC0,4.7188,7.6765,32.94
68.711,0xC0,4.6985,7.6674,32.94
68.715,0xC0,4.682,7.6647,32.94
68.718,0xC0,4.6701,7.6642,32.94
68.757,0xC0,4.7147,7.7233,33.44
68.84,0xC0,4.822,7.866,34.69
68.942,0xC0,4.906,7.9994,35.31
68.947,0xC0,4.8568,7.9974,35.31
68.954,0xC0,4.8086,7.9925,35.31
68.959,0xC0,4.7584,7.9921,35.31
68.966,0xC0,4.6907,7.973,35.31
68.969,0xC0,4.6337,7.9502,35.31
68.976,0xC0,4.6107,7.9373,35.31
68.982,0xC0,4.5957,7.9468,35.31
69.037,0xC0,4.6075,8.0115,36.38
69.04,0xC0,4.5932,8.0343,36.38
69.045,0xC0,4.5814,8.0465,36.38
69.049,0xC0,4.5508,8.0431,36.38
69.085,0xC0,4.5422,8.0758,36.38
69.15,0xC0,4.5376,8.1331,36.12
69.156,0xC0,4.5144,8.1221,36.12
69.197,0xC0,4.4935,8.1667,35.94
69.2,0xC0,4.4662,8.1749,35.94
69.208,0xC0,4.4434,8.1811,35.94
69.242,0xC0,4.4361,8.2173,35.69
69.245,0xC0,4.4346,8.2147,35.69
69.252,0xC0,4.4334,8.2127,35.69
69.257,0xC0,4.4324,8.2133,35.69
69.289,0xC0,4.4275,8.2261,35.25
69.294,0xC0,4.423,8.2129,35.25
69.302,0xC0,4.4194,8.2031,35.25
69.348,0xC0,4.4143,8.2213,34.44
69.399,0xC0,4.4136,8.2525,33.0
69.402,0xC0,4.4197,8.2444,33.0
69.406,0xC0,4.4259,8.2405,33.0
69.554,0xC0,4.4285,8.3213,32.69
69.559,0xC0,4.4339,8.3057,32.69
69.568,0xC0,4.4486,8.3085,32.69
69.572,0xC0,4.4613,8.311,32.69
69.58,0xC0,4.4909,8.3212,32.69
69.585,0xC0,4.5343,8.3339,32.69
69.592,0xC0,4.5787,8.3444,32.69
69.595,0xC0,4.6188,8.3503,32.69
69.6,0xC0,4.6414,8.347,32.69
69.605,0xC0,4.6722,8.3417,32.69
69.613,0xC0,4.7028,8.3449,32.69
69.618,0xC0,4.7316,8.3507,32.69
69.625,0xC0,4.7615,8.3578,32.69
69.631,0xC0,4.7906,8.3653,32.69
69.636,0xC0,4.8232,8.3611,32.69
69.644,0xC0,4.8516,8.3558,32.0
69.649,0xC0,4.8776,8.3513,32.0
69.657,0xC0,4.9037,8.3485,32.19
69.774,0xC0,4.9,8.4075,33.12
69.778,0xC0,4.9,8.3803,33.12
69.855,0xC0,4.9,8.379,34.19
69.863,0xC0,4.9,8.346,34.19
69.872,0xC0,4.9,8.3184,34.19
69.878,0xC0,4.9,8.2933,34.19
69.886,0xC0,4.9,8.2934,34.19
69.907,0xC0,4.9,8.2975,34.94
70.056,0xC0,4.9,8.3171,37.31
70.058,0xC0,4.9,8.3184,37.31
70.063,0xC0,4.9,8.3274,37.31
70.067,0xC0,4.9,8.3335,37.31
70.071,0xC0,4.9,8.3403,37.31
70.074,0xC0,4.9,8.3452,37.31
70.104,0xC0,4.9,8.3533,38.38
70.111,0xC0,4.9,8.3571,38.38
70.118,0xC0,4.9,8.3609,38.38
70.151,0xC0,4.9,8.3685,38.38
70.16,0xC0,4.9,8.371,38.38
70.199,0xC0,4.9,8.39,38.38
70.206,0xC0,4.9,8.401,38.38
70.213,0xC0,4.9,8.4148,38.38
70.244,0xC0,4.9,8.4334,38.38
70.353,0xC0,4.9,8.4945,38.75
70.469,0xC0,4.9,8.5676,37.12
70.474,0xC0,4.9,8.5977,37.12
70.479,0xC0,4.9,8.6215,37.12
70.484,0xC0,4.9,8.6394,37.12
70.491,0xC0,4.9,8.65,37.12
70.496,0xC0,4.9,8.6587,37.12
70.501,0xC0,4.9,8.6616,37.12
70.571,0xC0,4.9,8.6926,35.94
70.577,0xC0,4.9,8.6905,35.94
70.623,0xC0,4.9,8.7216,35.5
70.626,0xC0,4.9,8.7343,35.5
70.677,0xC0,4.9,8.764,35.5
70.775,0xC0,4.9,8.8136,35.5
70.778,0xC0,4.9,8.8052,35.5
70.782,0xC0,4.9,8.7919,35.5
70.827,0xC0,4.9,8.7933,35.5
70.832,0xC0,4.9,8.7825,35.5
70.878,0xC0,4.9,8.7999,35.5
70.883,0xC0,4.9,8.8089,35.5
70.891,0xC0,4.9,8.8159,35.5
70.899,0xC0,4.9,8.8246,35.5
70.907,0xC0,4.9,8.8398,35.5
71.085,0xC0,4.9,8.9331,29.38
71.091,0xC0,4.9,8.9543,29.38
71.1,0xC0,4.9,8.9931,29.38
71.187,0xC0,4.9,9.0872,29.38
71.193,0xC0,4.9,9.1161,29.38
71.201,0xC0,4.9,9.1386,29.38
71.208,0xC0,4.9,9.1499,29.38
71.237,0xC0,4.9,9.176,21.19
71.243,0xC0,4.9,9.1792,21.19
71.288,0xC0,4.9,9.2108,17.81
71.295,0xC0,4.9,9.2089,17.81
71.303,0xC0,4.9,9.2074,17.81
71.399,0xC0,4.9,9.2706,8.56
71.405,0xC0,4.9,9.2538,8.56
71.411,0xC0,4.9,9.2456,8.56
71.418,0xC0,4.9,9.2399,8.56
71.432,0xC0,4.9,9.2391,8.56
71.441,0xC0,4.9,9.2357,8.56
71.452,0xC0,4.9,9.2336,8.56
71.457,0xC0,4.9,9.2293,8.56
71.466,0xC0,4.9,9.2369,8.56
71.505,0xC0,4.9,9.2578,358.25
71.511,0xC0,4.9,9.2567,358.25
71.52,0xC0,4.9,9.2687,358.25
71.527,0xC0,4.9,9.2846,358.25
71.549,0xC0,4.9,9.3101,351.5
71.597,0xC0,4.9,9.3485,344.0
71.603,0xC0,4.9,9.3549,344.0
71.704,0xC0,4.9,9.4178,330.0
71.709,0xC0,4.9,9.4145,330.0
71.717,0xC0,4.9,9.4157,330.0
71.723,0xC0,4.9,9.4274,330.0
71.757,0xC0,4.9,9.4565,323.44
71.763,0xC0,4.9,9.4662,323.44
71.77,0xC0,4.9,9.4766,323.44
71.91,0xC0,4.9,9.5577,305.94
71.916,0xC0,4.9,9.5507,305.94
71.923,0xC0,4.9,9.5454,305.94
71.929,0xC0,4.9,9.5428,305.94
71.936,0xC0,4.9,9.5422,305.94
71.942,0xC0,4.9,9.5412,305.94
71.949,0xC0,4.9,9.5388,305.94
71.954,0xC0,4.9,9.5345,305.94
71.961,0xC0,4.9,9.5276,305.94
71.968,0xC0,4.9,9.5188,305.94
71.989,0xC0,4.9,9.5146,295.31
72.036,0xC0,4.9,9.5172,291.75
72.04,0xC0,4.9,9.5119,291.75
72.045,0xC0,4.9,9.5073,291.75
72.217,0xC0,4.9404,9.5088,279.44
72.222,0xC0,4.9055,9.5008,279.44
72.229,0xC0,4.8724,9.4938,279.44
72.234,0xC0,4.8446,9.4884,279.44
72.31,0xC0,4.7758,9.4888,272.69
72.313,0xC0,4.8,9.4938,272.69
72.319,0xC0,4.8209,9.4967,272.69
72.363,0xC0,4.8095,9.5003,269.5
72.37,0xC0,4.8267,9.5024,269.5
72.377,0xC0,4.8411,9.5035,269.5
72.415,0xC0,4.8193,9.5027,266.81
72.421,0xC0,4.8122,9.4974,266.81
72.428,0xC0,4.8004,9.49,266.81
72.433,0xC0,4.7899,9.4826,266.81
72.515,0xC0,4.7194,9.4728,262.25
72.521,0xC0,4.713,9.466,262.25
72.528,0xC0,4.7078,9.4604,262.25
72.534,0xC0,4.7124,9.4389,262.25
72.54,0xC0,4.7203,9.415,262.25
72.564,0xC0,4.7118,9.3868,259.38
72.572,0xC0,4.7147,9.3746,259.38
72.579,0xC0,4.7134,9.3666,259.38
72.614,0xC0,4.6926,9.354,256.44
72.619,0xC0,4.6942,9.3501,256.44
72.627,0xC0,4.6878,9.3426,256.44
72.729,0xC0,4.6139,9.3013,249.88
72.827,0xC0,4.6367,9.2685,249.06
72.877,0xC0,4.7121,9.2528,248.69
72.925,0xC0,4.7864,9.2382,248.19
72.93,0xC0,4.8533,9.2311,248.19
72.974,0xC0,4.9104,9.2165,248.19
72.983,0xC0,4.9519,9.208,248.19
72.989,0xC0,4.9849,9.1997,248.19
73.02,0xC0,4.9,9.188,248.44
73.03,0xC0,4.9968,9.1925,248.75
73.036,0xC0,4.9782,9.1966,248.75
73.042,0xC0,4.9613,9.2017,248.75
73.064,0xC0,4.9476,9.2046,248.75
73.069,0xC0,4.9335,9.2107,248.75
73.076,0xC0,4.9208,9.2159,248.75
73.082,0xC0,4.9099,9.2229,248.75
73.089,0xC0,4.9002,9.2313,248.75
73.331,0xC0,4.8908,9.2304,244.88
73.384,0xC0,4.8744,9.2534,244.25
73.547,0xC0,4.87,9.3026,242.69
73.596,0xC0,4.8834,9.3104,242.69
73.601,0xC0,4.8754,9.3016,242.69
73.65,0xC0,4.8635,9.2947,240.56
73.659,0xC0,4.9295,9.2888,240.56
73.744,0xC0,4.9,9.2859,239.12
73.747,0xC0,4.9,9.2548,239.12
73.752,0xC0,4.9,9.2305,239.12
73.844,0xC0,4.9,9.2068,238.62
73.849,0xC0,4.9,9.1857,238.62
73.854,0xC0,4.9,9.1678,238.62
73.858,0xC0,4.9,9.1523,238.62
73.948,0xC0,4.9,9.1255,238.62
73.953,0xC0,4.9,9.1123,238.62
73.959,0xC0,4.9,9.1076,238.62
74.062,0xC0,4.9,9.0969,238.62
74.066,0xC0,4.9,9.1063,238.62
74.072,0xC0,4.9,9.1145,238.62
74.076,0xC0,4.9,9.1226,238.62
74.08,0xC0,4.9,9.1067,238.62
74.149,0xC0,4.9,9.0665,236.06
74.154,0xC0,4.9,9.0484,236.06
74.16,0xC0,4.9,9.0346,236.06
74.164,0xC0,4.9,9.0235,236.06
74.171,0xC0,4.9,9.014,236.06
74.175,0xC0,4.9,9.0059,236.06
74.18,0xC0,4.9,8.9985,236.06
74.185,0xC0,4.9,8.993,235.25
74.254,0xC0,4.9,8.9612,235.25
74.26,0xC0,4.9,8.9605,235.25
74.265,0xC0,4.9,8.9603,235.25
74.27,0xC0,4.9,8.9606,235.25
74.274,0xC0,4.9,8.96,235.25
74.279,0xC0,4.9,8.9606,235.25
74.284,0xC0,4.9,8.9608,235.25
74.287,0xC0,4.9,8.9613,235.25
74.306,0xC0,4.9,8.9561,235.25
74.31,0xC0,4.9,8.957,235.25
74.356,0xC0,4.9,8.9414,235.25
74.361,0xC0,4.9,8.9433,235.25
74.398,0xC0,4.9,8.9321,235.25
74.403,0xC0,4.9,8.9233,235.25
74.406,0xC0,4.9,8.9106,235.25
74.411,0xC0,4.9,8.9063,235.25
74.447,0xC0,4.9,8.8885,235.25
74.496,0xC0,4.9,8.8687,228.88
74.5,0xC0,4.9,8.87,228.88
74.505,0xC0,4.9,8.8715,228.88
74.509,0xC0,4.9,8.8733,228.88
74.543,0xC0,4.9,8.8623,228.38
74.546,0xC0,4.9,8.8627,228.38
74.549,0xC0,4.9,8.8599,228.38
74.663,0xC0,4.9,8.8093,228.38
74.666,0xC0,4.9,8.8103,228.38
74.671,0xC0,4.9,8.811,228.38
74.711,0xC0,4.9,8.7972,228.38
74.715,0xC0,4.9,8.7996,228.38
74.719,0xC0,4.9,8.8017,228.38
74.765,0xC0,4.9,8.7877,228.38
74.769,0xC0,4.9,8.7921,228.38
74.773,0xC0,4.9,8.7954,228.38
74.777,0xC0,4.9,8.7983,228.38
74.784,0xC0,4.9,8.8001,228.38
74.87,0xC0,4.9,8.7753,225.12
74.874,0xC0,4.9,8.7805,225.12
74.878,0xC0,4.9,8.7842,225.12
74.883,0xC0,4.9,8.7876,225.12
74.886,0xC0,4.9,8.7919,225.12
74.89,0xC0,4.9,8.8015,225.12
74.894,0xC0,4.9,8.8118,225.12
74.918,0xC0,4.9,8.8177,224.94
74.924,0xC0,4.9,8.8357,224.94
74.929,0xC0,4.9,8.8533,224.94
74.979,0xC0,4.9,8.8686,224.25
74.983,0xC0,4.9,8.8851,224.25
74.987,0xC0,4.9,8.8996,224.25
75.027,0xC0,4.9,8.9154,223.62
75.033,0xC0,4.9,8.9323,223.62
75.037,0xC0,4.9,8.9407,223.62
